variavel,localidade,mae,individuo,periodo,crescimento
altura,RJ,3,A,"2015-01-12
to
2015-01-22",0
altura,RJ,3,A,"2015-01-22
to
2015-03-01",0
altura,RJ,3,A,"2015-03-01
to
2015-04-10",0.0625
altura,RJ,3,A,"2015-04-10
to
2015-05-12",0.125
altura,RJ,3,A,"2015-05-12
to
2015-06-08",0.037037037037037
altura,RJ,3,A,"2015-06-08
to
2015-07-09",0
altura,RJ,3,A,"2015-07-09
to
2015-08-24",0
altura,RJ,3,B,"2015-01-12
to
2015-01-22",0.1
altura,RJ,3,B,"2015-01-22
to
2015-03-01",0
altura,RJ,3,B,"2015-03-01
to
2015-04-10",0.025
altura,RJ,3,B,"2015-04-10
to
2015-05-12",0.078125
altura,RJ,3,B,"2015-05-12
to
2015-06-08",0.111111111111111
altura,RJ,3,B,"2015-06-08
to
2015-07-09",0.0806451612903226
altura,RJ,3,B,"2015-07-09
to
2015-08-24",0.0869565217391304
altura,RJ,5,A,"2015-01-12
to
2015-01-22",0
altura,RJ,5,A,"2015-01-22
to
2015-03-01",0
altura,RJ,5,A,"2015-03-01
to
2015-04-10",0.025
altura,RJ,5,A,"2015-04-10
to
2015-05-12",0.03125
altura,RJ,5,A,"2015-05-12
to
2015-06-08",0.0185185185185185
altura,RJ,5,A,"2015-06-08
to
2015-07-09",0.0161290322580645
altura,RJ,5,A,"2015-07-09
to
2015-08-24",0
altura,RJ,5,B,"2015-01-12
to
2015-01-22",0.05
altura,RJ,5,B,"2015-01-22
to
2015-03-01",0
altura,RJ,5,B,"2015-03-01
to
2015-04-10",0.0125
altura,RJ,5,B,"2015-04-10
to
2015-05-12",0.015625
altura,RJ,5,B,"2015-05-12
to
2015-06-08",0
altura,RJ,5,B,"2015-06-08
to
2015-07-09",0.0161290322580645
altura,RJ,5,B,"2015-07-09
to
2015-08-24",0
altura,RJ,5,C,"2015-01-12
to
2015-01-22",0
altura,RJ,5,C,"2015-01-22
to
2015-03-01",0
altura,RJ,5,C,"2015-03-01
to
2015-04-10",0.025
altura,RJ,5,C,"2015-04-10
to
2015-05-12",0.046875
altura,RJ,5,C,"2015-05-12
to
2015-06-08",0
altura,RJ,5,C,"2015-06-08
to
2015-07-09",0
altura,RJ,5,C,"2015-07-09
to
2015-08-24",0.0108695652173913
altura,RJ,7,A,"2015-01-12
to
2015-01-22",0
altura,RJ,7,A,"2015-01-22
to
2015-03-01",0.0131578947368421
altura,RJ,7,A,"2015-03-01
to
2015-04-10",0.025
altura,RJ,7,A,"2015-04-10
to
2015-05-12",0.046875
altura,RJ,7,A,"2015-05-12
to
2015-06-08",0
altura,RJ,7,A,"2015-06-08
to
2015-07-09",0.0161290322580645
altura,RJ,7,A,"2015-07-09
to
2015-08-24",0
altura,RJ,7,B,"2015-01-12
to
2015-01-22",0
altura,RJ,7,B,"2015-01-22
to
2015-03-01",0
altura,RJ,7,B,"2015-03-01
to
2015-04-10",0.1125
altura,RJ,7,B,"2015-04-10
to
2015-05-12",0.234375
altura,RJ,7,B,"2015-05-12
to
2015-06-08",0.296296296296296
altura,RJ,7,B,"2015-06-08
to
2015-07-09",0.241935483870968
altura,RJ,7,B,"2015-07-09
to
2015-08-24",0.173913043478261
altura,RJ,7,C,"2015-01-12
to
2015-01-22",0.05
altura,RJ,7,C,"2015-01-22
to
2015-03-01",0
altura,RJ,7,C,"2015-03-01
to
2015-04-10",0.025
altura,RJ,7,C,"2015-04-10
to
2015-05-12",0.03125
altura,RJ,7,C,"2015-05-12
to
2015-06-08",0.037037037037037
altura,RJ,7,C,"2015-06-08
to
2015-07-09",0
altura,RJ,7,C,"2015-07-09
to
2015-08-24",0
altura,RJ,8,A,"2015-01-12
to
2015-01-22",0.1
altura,RJ,8,A,"2015-01-22
to
2015-03-01",0
altura,RJ,8,A,"2015-03-01
to
2015-04-10",0.025
altura,RJ,8,A,"2015-04-10
to
2015-05-12",0
altura,RJ,8,A,"2015-05-12
to
2015-06-08",0
altura,RJ,8,A,"2015-06-08
to
2015-07-09",0
altura,RJ,8,A,"2015-07-09
to
2015-08-24",0
altura,RJ,8,B,"2015-01-12
to
2015-01-22",0
altura,RJ,8,B,"2015-01-22
to
2015-03-01",0.0394736842105263
altura,RJ,8,B,"2015-03-01
to
2015-04-10",0.025
altura,RJ,8,B,"2015-04-10
to
2015-05-12",0.015625
altura,RJ,8,B,"2015-05-12
to
2015-06-08",0.0185185185185185
altura,RJ,8,B,"2015-06-08
to
2015-07-09",0
altura,RJ,8,B,"2015-07-09
to
2015-08-24",0.0108695652173913
altura,RJ,8,C,"2015-01-12
to
2015-01-22",0.05
altura,RJ,8,C,"2015-01-22
to
2015-03-01",0.0131578947368421
altura,RJ,8,C,"2015-03-01
to
2015-04-10",0.1125
altura,RJ,8,C,"2015-04-10
to
2015-05-12",0.296875
altura,RJ,8,C,"2015-05-12
to
2015-06-08",0.333333333333333
altura,RJ,8,C,"2015-06-08
to
2015-07-09",0.370967741935484
altura,RJ,8,C,"2015-07-09
to
2015-08-24",0.326086956521739
altura,RJ,9,A,"2015-01-12
to
2015-01-22",0
altura,RJ,9,A,"2015-01-22
to
2015-03-01",0.0131578947368421
altura,RJ,9,A,"2015-03-01
to
2015-04-10",0.0875
altura,RJ,9,A,"2015-04-10
to
2015-05-12",0.109375
altura,RJ,9,A,"2015-05-12
to
2015-06-08",0.0185185185185185
altura,RJ,9,A,"2015-06-08
to
2015-07-09",0
altura,RJ,9,A,"2015-07-09
to
2015-08-24",0
altura,RJ,9,B,"2015-01-12
to
2015-01-22",0.1
altura,RJ,9,B,"2015-01-22
to
2015-03-01",0.0131578947368421
altura,RJ,9,B,"2015-03-01
to
2015-04-10",0.0625
altura,RJ,9,B,"2015-04-10
to
2015-05-12",0.171875
altura,RJ,9,B,"2015-05-12
to
2015-06-08",0.148148148148148
altura,RJ,9,B,"2015-06-08
to
2015-07-09",0.032258064516129
altura,RJ,9,B,"2015-07-09
to
2015-08-24",NA
altura,RJ,9,C,"2015-01-12
to
2015-01-22",0.15
altura,RJ,9,C,"2015-01-22
to
2015-03-01",0.0131578947368421
altura,RJ,9,C,"2015-03-01
to
2015-04-10",0.0625
altura,RJ,9,C,"2015-04-10
to
2015-05-12",0.0625
altura,RJ,9,C,"2015-05-12
to
2015-06-08",0.0555555555555556
altura,RJ,9,C,"2015-06-08
to
2015-07-09",-0.0161290322580645
altura,RJ,9,C,"2015-07-09
to
2015-08-24",NA
altura,RJ,10,A,"2015-01-12
to
2015-01-22",0.05
altura,RJ,10,A,"2015-01-22
to
2015-03-01",0
altura,RJ,10,A,"2015-03-01
to
2015-04-10",0.125
altura,RJ,10,A,"2015-04-10
to
2015-05-12",0.21875
altura,RJ,10,A,"2015-05-12
to
2015-06-08",0.222222222222222
altura,RJ,10,A,"2015-06-08
to
2015-07-09",0.145161290322581
altura,RJ,10,A,"2015-07-09
to
2015-08-24",0.141304347826087
altura,RJ,10,B,"2015-01-12
to
2015-01-22",0
altura,RJ,10,B,"2015-01-22
to
2015-03-01",0.0657894736842105
altura,RJ,10,B,"2015-03-01
to
2015-04-10",0.1
altura,RJ,10,B,"2015-04-10
to
2015-05-12",0.171875
altura,RJ,10,B,"2015-05-12
to
2015-06-08",0.185185185185185
altura,RJ,10,B,"2015-06-08
to
2015-07-09",0.0806451612903226
altura,RJ,10,B,"2015-07-09
to
2015-08-24",0.0434782608695652
altura,RJ,10,C,"2015-01-12
to
2015-01-22",0
altura,RJ,10,C,"2015-01-22
to
2015-03-01",0.0263157894736842
altura,RJ,10,C,"2015-03-01
to
2015-04-10",0.0875
altura,RJ,10,C,"2015-04-10
to
2015-05-12",0.28125
altura,RJ,10,C,"2015-05-12
to
2015-06-08",0.351851851851852
altura,RJ,10,C,"2015-06-08
to
2015-07-09",0.129032258064516
altura,RJ,10,C,"2015-07-09
to
2015-08-24",0.152173913043478
altura,RJ,11,A,"2015-01-12
to
2015-01-22",0
altura,RJ,11,A,"2015-01-22
to
2015-03-01",0.0526315789473684
altura,RJ,11,A,"2015-03-01
to
2015-04-10",0.1875
altura,RJ,11,A,"2015-04-10
to
2015-05-12",0.21875
altura,RJ,11,A,"2015-05-12
to
2015-06-08",0.0740740740740741
altura,RJ,11,A,"2015-06-08
to
2015-07-09",0.0645161290322581
altura,RJ,11,A,"2015-07-09
to
2015-08-24",0.0326086956521739
altura,RJ,11,B,"2015-01-12
to
2015-01-22",0
altura,RJ,11,B,"2015-01-22
to
2015-03-01",0
altura,RJ,11,B,"2015-03-01
to
2015-04-10",0.025
altura,RJ,11,B,"2015-04-10
to
2015-05-12",0.09375
altura,RJ,11,B,"2015-05-12
to
2015-06-08",0.222222222222222
altura,RJ,11,B,"2015-06-08
to
2015-07-09",0.225806451612903
altura,RJ,11,B,"2015-07-09
to
2015-08-24",0.0434782608695652
altura,RJ,11,C,"2015-01-12
to
2015-01-22",0.2
altura,RJ,11,C,"2015-01-22
to
2015-03-01",0.0394736842105263
altura,RJ,11,C,"2015-03-01
to
2015-04-10",0.075
altura,RJ,11,C,"2015-04-10
to
2015-05-12",0.109375
altura,RJ,11,C,"2015-05-12
to
2015-06-08",0.0555555555555556
altura,RJ,11,C,"2015-06-08
to
2015-07-09",0.032258064516129
altura,RJ,11,C,"2015-07-09
to
2015-08-24",0.0434782608695652
altura,RJ,11,D,"2015-01-12
to
2015-01-22",0
altura,RJ,11,D,"2015-01-22
to
2015-03-01",0
altura,RJ,11,D,"2015-03-01
to
2015-04-10",0.0625
altura,RJ,11,D,"2015-04-10
to
2015-05-12",0.21875
altura,RJ,11,D,"2015-05-12
to
2015-06-08",0.314814814814815
altura,RJ,11,D,"2015-06-08
to
2015-07-09",0.145161290322581
altura,RJ,11,D,"2015-07-09
to
2015-08-24",0.0543478260869565
altura,RJ,12,A,"2015-01-12
to
2015-01-22",0
altura,RJ,12,A,"2015-01-22
to
2015-03-01",0.0394736842105263
altura,RJ,12,A,"2015-03-01
to
2015-04-10",0.1
altura,RJ,12,A,"2015-04-10
to
2015-05-12",0.171875
altura,RJ,12,A,"2015-05-12
to
2015-06-08",0.148148148148148
altura,RJ,12,A,"2015-06-08
to
2015-07-09",0.032258064516129
altura,RJ,12,A,"2015-07-09
to
2015-08-24",0.0326086956521739
altura,RJ,12,B,"2015-01-12
to
2015-01-22",0.2
altura,RJ,12,B,"2015-01-22
to
2015-03-01",0.0131578947368421
altura,RJ,12,B,"2015-03-01
to
2015-04-10",0.1375
altura,RJ,12,B,"2015-04-10
to
2015-05-12",0.234375
altura,RJ,12,B,"2015-05-12
to
2015-06-08",0.166666666666667
altura,RJ,12,B,"2015-06-08
to
2015-07-09",0.0645161290322581
altura,RJ,12,B,"2015-07-09
to
2015-08-24",0.0434782608695652
altura,RJ,12,C,"2015-01-12
to
2015-01-22",0.1
altura,RJ,12,C,"2015-01-22
to
2015-03-01",0.0131578947368421
altura,RJ,12,C,"2015-03-01
to
2015-04-10",0.1
altura,RJ,12,C,"2015-04-10
to
2015-05-12",0.15625
altura,RJ,12,C,"2015-05-12
to
2015-06-08",0.12962962962963
altura,RJ,12,C,"2015-06-08
to
2015-07-09",0.0645161290322581
altura,RJ,12,C,"2015-07-09
to
2015-08-24",0.0326086956521739
altura,RJ,13,A,"2015-01-12
to
2015-01-22",0
altura,RJ,13,A,"2015-01-22
to
2015-03-01",0
altura,RJ,13,A,"2015-03-01
to
2015-04-10",0.025
altura,RJ,13,A,"2015-04-10
to
2015-05-12",0.015625
altura,RJ,13,A,"2015-05-12
to
2015-06-08",0.0740740740740741
altura,RJ,13,A,"2015-06-08
to
2015-07-09",0.032258064516129
altura,RJ,13,A,"2015-07-09
to
2015-08-24",0.0760869565217391
altura,RJ,13,B,"2015-01-12
to
2015-01-22",0
altura,RJ,13,B,"2015-01-22
to
2015-03-01",0.0131578947368421
altura,RJ,13,B,"2015-03-01
to
2015-04-10",0.0625
altura,RJ,13,B,"2015-04-10
to
2015-05-12",0.125
altura,RJ,13,B,"2015-05-12
to
2015-06-08",0.148148148148148
altura,RJ,13,B,"2015-06-08
to
2015-07-09",0.0645161290322581
altura,RJ,13,B,"2015-07-09
to
2015-08-24",0.0326086956521739
altura,RJ,13,C,"2015-01-12
to
2015-01-22",0
altura,RJ,13,C,"2015-01-22
to
2015-03-01",0.0131578947368421
altura,RJ,13,C,"2015-03-01
to
2015-04-10",0.15
altura,RJ,13,C,"2015-04-10
to
2015-05-12",0.15625
altura,RJ,13,C,"2015-05-12
to
2015-06-08",0.037037037037037
altura,RJ,13,C,"2015-06-08
to
2015-07-09",0.0806451612903226
altura,RJ,13,C,"2015-07-09
to
2015-08-24",0.0108695652173913
altura,RJ,14,A,"2015-01-12
to
2015-01-22",0
altura,RJ,14,A,"2015-01-22
to
2015-03-01",0.0131578947368421
altura,RJ,14,A,"2015-03-01
to
2015-04-10",0.025
altura,RJ,14,A,"2015-04-10
to
2015-05-12",0.140625
altura,RJ,14,A,"2015-05-12
to
2015-06-08",0.166666666666667
altura,RJ,14,A,"2015-06-08
to
2015-07-09",0.0645161290322581
altura,RJ,14,A,"2015-07-09
to
2015-08-24",0.0652173913043478
altura,RJ,14,B,"2015-01-12
to
2015-01-22",0
altura,RJ,14,B,"2015-01-22
to
2015-03-01",0
altura,RJ,14,B,"2015-03-01
to
2015-04-10",0.0375
altura,RJ,14,B,"2015-04-10
to
2015-05-12",0.125
altura,RJ,14,B,"2015-05-12
to
2015-06-08",0.0555555555555556
altura,RJ,14,B,"2015-06-08
to
2015-07-09",0.0161290322580645
altura,RJ,14,B,"2015-07-09
to
2015-08-24",0.0434782608695652
altura,RJ,14,C,"2015-01-12
to
2015-01-22",0
altura,RJ,14,C,"2015-01-22
to
2015-03-01",0
altura,RJ,14,C,"2015-03-01
to
2015-04-10",0.05
altura,RJ,14,C,"2015-04-10
to
2015-05-12",0.140625
altura,RJ,14,C,"2015-05-12
to
2015-06-08",0.240740740740741
altura,RJ,14,C,"2015-06-08
to
2015-07-09",0.17741935483871
altura,RJ,14,C,"2015-07-09
to
2015-08-24",0.130434782608696
altura,RJ,16,A,"2015-01-12
to
2015-01-22",0
altura,RJ,16,A,"2015-01-22
to
2015-03-01",0.0131578947368421
altura,RJ,16,A,"2015-03-01
to
2015-04-10",0.1125
altura,RJ,16,A,"2015-04-10
to
2015-05-12",0.265625
altura,RJ,16,A,"2015-05-12
to
2015-06-08",0.351851851851852
altura,RJ,16,A,"2015-06-08
to
2015-07-09",0.225806451612903
altura,RJ,16,A,"2015-07-09
to
2015-08-24",0.217391304347826
altura,RJ,16,B,"2015-01-12
to
2015-01-22",0
altura,RJ,16,B,"2015-01-22
to
2015-03-01",0
altura,RJ,16,B,"2015-03-01
to
2015-04-10",0.1
altura,RJ,16,B,"2015-04-10
to
2015-05-12",0.21875
altura,RJ,16,B,"2015-05-12
to
2015-06-08",0.203703703703704
altura,RJ,16,B,"2015-06-08
to
2015-07-09",0.129032258064516
altura,RJ,16,B,"2015-07-09
to
2015-08-24",0.0434782608695652
altura,RJ,16,C,"2015-01-12
to
2015-01-22",0
altura,RJ,16,C,"2015-01-22
to
2015-03-01",0
altura,RJ,16,C,"2015-03-01
to
2015-04-10",0.0375
altura,RJ,16,C,"2015-04-10
to
2015-05-12",0
altura,RJ,16,C,"2015-05-12
to
2015-06-08",NA
altura,RJ,16,C,"2015-06-08
to
2015-07-09",NA
altura,RJ,16,C,"2015-07-09
to
2015-08-24",NA
altura,RJ,18,A,"2015-01-12
to
2015-01-22",0
altura,RJ,18,A,"2015-01-22
to
2015-03-01",0
altura,RJ,18,A,"2015-03-01
to
2015-04-10",0.125
altura,RJ,18,A,"2015-04-10
to
2015-05-12",0.171875
altura,RJ,18,A,"2015-05-12
to
2015-06-08",0.222222222222222
altura,RJ,18,A,"2015-06-08
to
2015-07-09",0.145161290322581
altura,RJ,18,A,"2015-07-09
to
2015-08-24",0.0978260869565217
altura,RJ,18,B,"2015-01-12
to
2015-01-22",0.15
altura,RJ,18,B,"2015-01-22
to
2015-03-01",0.0263157894736842
altura,RJ,18,B,"2015-03-01
to
2015-04-10",0.05
altura,RJ,18,B,"2015-04-10
to
2015-05-12",0.15625
altura,RJ,18,B,"2015-05-12
to
2015-06-08",0.222222222222222
altura,RJ,18,B,"2015-06-08
to
2015-07-09",0.112903225806452
altura,RJ,18,B,"2015-07-09
to
2015-08-24",0.0869565217391304
altura,RJ,18,C,"2015-01-12
to
2015-01-22",0
altura,RJ,18,C,"2015-01-22
to
2015-03-01",0.0263157894736842
altura,RJ,18,C,"2015-03-01
to
2015-04-10",0.1625
altura,RJ,18,C,"2015-04-10
to
2015-05-12",0.453125
altura,RJ,18,C,"2015-05-12
to
2015-06-08",0.388888888888889
altura,RJ,18,C,"2015-06-08
to
2015-07-09",0.290322580645161
altura,RJ,18,C,"2015-07-09
to
2015-08-24",0.25
altura,RJ,19,A,"2015-01-12
to
2015-01-22",0
altura,RJ,19,A,"2015-01-22
to
2015-03-01",0.0263157894736842
altura,RJ,19,A,"2015-03-01
to
2015-04-10",0.0625
altura,RJ,19,A,"2015-04-10
to
2015-05-12",0.1875
altura,RJ,19,A,"2015-05-12
to
2015-06-08",0.314814814814815
altura,RJ,19,A,"2015-06-08
to
2015-07-09",0.225806451612903
altura,RJ,19,A,"2015-07-09
to
2015-08-24",0.25
altura,RJ,19,B,"2015-01-12
to
2015-01-22",0.2
altura,RJ,19,B,"2015-01-22
to
2015-03-01",0.0131578947368421
altura,RJ,19,B,"2015-03-01
to
2015-04-10",0.1
altura,RJ,19,B,"2015-04-10
to
2015-05-12",0.1875
altura,RJ,19,B,"2015-05-12
to
2015-06-08",0.277777777777778
altura,RJ,19,B,"2015-06-08
to
2015-07-09",0.112903225806452
altura,RJ,19,B,"2015-07-09
to
2015-08-24",0.0978260869565217
altura,RJ,20,A,"2015-01-12
to
2015-01-22",0
altura,RJ,20,A,"2015-01-22
to
2015-03-01",0.0263157894736842
altura,RJ,20,A,"2015-03-01
to
2015-04-10",0
altura,RJ,20,A,"2015-04-10
to
2015-05-12",0.09375
altura,RJ,20,A,"2015-05-12
to
2015-06-08",0.222222222222222
altura,RJ,20,A,"2015-06-08
to
2015-07-09",0.225806451612903
altura,RJ,20,A,"2015-07-09
to
2015-08-24",0.282608695652174
altura,RJ,20,B,"2015-01-12
to
2015-01-22",0
altura,RJ,20,B,"2015-01-22
to
2015-03-01",0.0263157894736842
altura,RJ,20,B,"2015-03-01
to
2015-04-10",0.0875
altura,RJ,20,B,"2015-04-10
to
2015-05-12",0.15625
altura,RJ,20,B,"2015-05-12
to
2015-06-08",0.111111111111111
altura,RJ,20,B,"2015-06-08
to
2015-07-09",0.0161290322580645
altura,RJ,20,B,"2015-07-09
to
2015-08-24",NA
altura,RJ,20,C,"2015-01-12
to
2015-01-22",0.25
altura,RJ,20,C,"2015-01-22
to
2015-03-01",0.0263157894736842
altura,RJ,20,C,"2015-03-01
to
2015-04-10",0.05
altura,RJ,20,C,"2015-04-10
to
2015-05-12",0.265625
altura,RJ,20,C,"2015-05-12
to
2015-06-08",0.166666666666667
altura,RJ,20,C,"2015-06-08
to
2015-07-09",0.0806451612903226
altura,RJ,20,C,"2015-07-09
to
2015-08-24",0.0326086956521739
altura,RJ,21,A,"2015-01-12
to
2015-01-22",0
altura,RJ,21,A,"2015-01-22
to
2015-03-01",0
altura,RJ,21,A,"2015-03-01
to
2015-04-10",0.0875
altura,RJ,21,A,"2015-04-10
to
2015-05-12",0.1875
altura,RJ,21,A,"2015-05-12
to
2015-06-08",0.185185185185185
altura,RJ,21,A,"2015-06-08
to
2015-07-09",0.161290322580645
altura,RJ,21,A,"2015-07-09
to
2015-08-24",0.16304347826087
altura,RJ,21,B,"2015-01-12
to
2015-01-22",0
altura,RJ,21,B,"2015-01-22
to
2015-03-01",0.0131578947368421
altura,RJ,21,B,"2015-03-01
to
2015-04-10",0.025
altura,RJ,21,B,"2015-04-10
to
2015-05-12",0.109375
altura,RJ,21,B,"2015-05-12
to
2015-06-08",0.12962962962963
altura,RJ,21,B,"2015-06-08
to
2015-07-09",0.129032258064516
altura,RJ,21,B,"2015-07-09
to
2015-08-24",0.130434782608696
altura,RJ,21,C,"2015-01-12
to
2015-01-22",0.1
altura,RJ,21,C,"2015-01-22
to
2015-03-01",0.0263157894736842
altura,RJ,21,C,"2015-03-01
to
2015-04-10",0.1
altura,RJ,21,C,"2015-04-10
to
2015-05-12",0.125
altura,RJ,21,C,"2015-05-12
to
2015-06-08",0.185185185185185
altura,RJ,21,C,"2015-06-08
to
2015-07-09",0.112903225806452
altura,RJ,21,C,"2015-07-09
to
2015-08-24",0.108695652173913
altura,SP,1,A,"2015-01-12
to
2015-01-22",0
altura,SP,1,A,"2015-01-22
to
2015-03-01",0.0394736842105263
altura,SP,1,A,"2015-03-01
to
2015-04-10",0.0375
altura,SP,1,A,"2015-04-10
to
2015-05-12",0.109375
altura,SP,1,A,"2015-05-12
to
2015-06-08",0.0555555555555556
altura,SP,1,A,"2015-06-08
to
2015-07-09",0.112903225806452
altura,SP,1,A,"2015-07-09
to
2015-08-24",0.141304347826087
altura,SP,2,A,"2015-01-12
to
2015-01-22",NA
altura,SP,2,A,"2015-01-22
to
2015-03-01",NA
altura,SP,2,A,"2015-03-01
to
2015-04-10",NA
altura,SP,2,A,"2015-04-10
to
2015-05-12",NA
altura,SP,2,A,"2015-05-12
to
2015-06-08",NA
altura,SP,2,A,"2015-06-08
to
2015-07-09",NA
altura,SP,2,A,"2015-07-09
to
2015-08-24",NA
altura,SP,3,A,"2015-01-12
to
2015-01-22",0
altura,SP,3,A,"2015-01-22
to
2015-03-01",NA
altura,SP,3,A,"2015-03-01
to
2015-04-10",NA
altura,SP,3,A,"2015-04-10
to
2015-05-12",NA
altura,SP,3,A,"2015-05-12
to
2015-06-08",NA
altura,SP,3,A,"2015-06-08
to
2015-07-09",NA
altura,SP,3,A,"2015-07-09
to
2015-08-24",NA
altura,SP,3,B,"2015-01-12
to
2015-01-22",0
altura,SP,3,B,"2015-01-22
to
2015-03-01",0.0657894736842105
altura,SP,3,B,"2015-03-01
to
2015-04-10",0.05
altura,SP,3,B,"2015-04-10
to
2015-05-12",0.109375
altura,SP,3,B,"2015-05-12
to
2015-06-08",0.185185185185185
altura,SP,3,B,"2015-06-08
to
2015-07-09",0.17741935483871
altura,SP,3,B,"2015-07-09
to
2015-08-24",0.0978260869565217
altura,SP,4,A,"2015-01-12
to
2015-01-22",0.05
altura,SP,4,A,"2015-01-22
to
2015-03-01",0.0131578947368421
altura,SP,4,A,"2015-03-01
to
2015-04-10",0.05
altura,SP,4,A,"2015-04-10
to
2015-05-12",0.078125
altura,SP,4,A,"2015-05-12
to
2015-06-08",0.0555555555555556
altura,SP,4,A,"2015-06-08
to
2015-07-09",0.0161290322580645
altura,SP,4,A,"2015-07-09
to
2015-08-24",0.119565217391304
altura,SP,4,B,"2015-01-12
to
2015-01-22",0
altura,SP,4,B,"2015-01-22
to
2015-03-01",0.0131578947368421
altura,SP,4,B,"2015-03-01
to
2015-04-10",0.0625
altura,SP,4,B,"2015-04-10
to
2015-05-12",0.09375
altura,SP,4,B,"2015-05-12
to
2015-06-08",0.12962962962963
altura,SP,4,B,"2015-06-08
to
2015-07-09",0.129032258064516
altura,SP,4,B,"2015-07-09
to
2015-08-24",0.184782608695652
altura,SP,5,A,"2015-01-12
to
2015-01-22",0
altura,SP,5,A,"2015-01-22
to
2015-03-01",0.0394736842105263
altura,SP,5,A,"2015-03-01
to
2015-04-10",0.0375
altura,SP,5,A,"2015-04-10
to
2015-05-12",0.15625
altura,SP,5,A,"2015-05-12
to
2015-06-08",0.203703703703704
altura,SP,5,A,"2015-06-08
to
2015-07-09",0.209677419354839
altura,SP,5,A,"2015-07-09
to
2015-08-24",0.195652173913043
altura,SP,5,B,"2015-01-12
to
2015-01-22",0
altura,SP,5,B,"2015-01-22
to
2015-03-01",0
altura,SP,5,B,"2015-03-01
to
2015-04-10",0.075
altura,SP,5,B,"2015-04-10
to
2015-05-12",0.109375
altura,SP,5,B,"2015-05-12
to
2015-06-08",0.148148148148148
altura,SP,5,B,"2015-06-08
to
2015-07-09",0.145161290322581
altura,SP,5,B,"2015-07-09
to
2015-08-24",0.173913043478261
altura,SP,5,C,"2015-01-12
to
2015-01-22",0
altura,SP,5,C,"2015-01-22
to
2015-03-01",0.0131578947368421
altura,SP,5,C,"2015-03-01
to
2015-04-10",0.1
altura,SP,5,C,"2015-04-10
to
2015-05-12",0.15625
altura,SP,5,C,"2015-05-12
to
2015-06-08",0.240740740740741
altura,SP,5,C,"2015-06-08
to
2015-07-09",0.193548387096774
altura,SP,5,C,"2015-07-09
to
2015-08-24",0.173913043478261
altura,SP,6,A,"2015-01-12
to
2015-01-22",0.05
altura,SP,6,A,"2015-01-22
to
2015-03-01",0.0131578947368421
altura,SP,6,A,"2015-03-01
to
2015-04-10",0.075
altura,SP,6,A,"2015-04-10
to
2015-05-12",0.078125
altura,SP,6,A,"2015-05-12
to
2015-06-08",0.0740740740740741
altura,SP,6,A,"2015-06-08
to
2015-07-09",0.0806451612903226
altura,SP,6,A,"2015-07-09
to
2015-08-24",0.130434782608696
altura,SP,6,B,"2015-01-12
to
2015-01-22",0
altura,SP,6,B,"2015-01-22
to
2015-03-01",0
altura,SP,6,B,"2015-03-01
to
2015-04-10",0.05
altura,SP,6,B,"2015-04-10
to
2015-05-12",0.09375
altura,SP,6,B,"2015-05-12
to
2015-06-08",0.111111111111111
altura,SP,6,B,"2015-06-08
to
2015-07-09",0.129032258064516
altura,SP,6,B,"2015-07-09
to
2015-08-24",0.217391304347826
altura,SP,7,A,"2015-01-12
to
2015-01-22",NA
altura,SP,7,A,"2015-01-22
to
2015-03-01",0.0657894736842105
altura,SP,7,A,"2015-03-01
to
2015-04-10",0.1125
altura,SP,7,A,"2015-04-10
to
2015-05-12",0.09375
altura,SP,7,A,"2015-05-12
to
2015-06-08",0.166666666666667
altura,SP,7,A,"2015-06-08
to
2015-07-09",0.161290322580645
altura,SP,7,A,"2015-07-09
to
2015-08-24",0.206521739130435
altura,SP,7,B,"2015-01-12
to
2015-01-22",NA
altura,SP,7,B,"2015-01-22
to
2015-03-01",0
altura,SP,7,B,"2015-03-01
to
2015-04-10",0.0875
altura,SP,7,B,"2015-04-10
to
2015-05-12",0.171875
altura,SP,7,B,"2015-05-12
to
2015-06-08",0.222222222222222
altura,SP,7,B,"2015-06-08
to
2015-07-09",0.0967741935483871
altura,SP,7,B,"2015-07-09
to
2015-08-24",0.0326086956521739
altura,SP,9,A,"2015-01-12
to
2015-01-22",0.1
altura,SP,9,A,"2015-01-22
to
2015-03-01",0.0789473684210526
altura,SP,9,A,"2015-03-01
to
2015-04-10",0.1
altura,SP,9,A,"2015-04-10
to
2015-05-12",0.125
altura,SP,9,A,"2015-05-12
to
2015-06-08",0.0555555555555556
altura,SP,9,A,"2015-06-08
to
2015-07-09",0.0645161290322581
altura,SP,9,A,"2015-07-09
to
2015-08-24",0.0543478260869565
altura,SP,9,B,"2015-01-12
to
2015-01-22",0
altura,SP,9,B,"2015-01-22
to
2015-03-01",0.0263157894736842
altura,SP,9,B,"2015-03-01
to
2015-04-10",0.0875
altura,SP,9,B,"2015-04-10
to
2015-05-12",0.125
altura,SP,9,B,"2015-05-12
to
2015-06-08",0.185185185185185
altura,SP,9,B,"2015-06-08
to
2015-07-09",0.17741935483871
altura,SP,9,B,"2015-07-09
to
2015-08-24",0.184782608695652
altura,SP,9,C,"2015-01-12
to
2015-01-22",0.05
altura,SP,9,C,"2015-01-22
to
2015-03-01",0.0131578947368421
altura,SP,9,C,"2015-03-01
to
2015-04-10",0.0375
altura,SP,9,C,"2015-04-10
to
2015-05-12",0.09375
altura,SP,9,C,"2015-05-12
to
2015-06-08",0.12962962962963
altura,SP,9,C,"2015-06-08
to
2015-07-09",0.129032258064516
altura,SP,9,C,"2015-07-09
to
2015-08-24",0.206521739130435
altura,SP,9,D,"2015-01-12
to
2015-01-22",0
altura,SP,9,D,"2015-01-22
to
2015-03-01",0.0263157894736842
altura,SP,9,D,"2015-03-01
to
2015-04-10",0.075
altura,SP,9,D,"2015-04-10
to
2015-05-12",0.140625
altura,SP,9,D,"2015-05-12
to
2015-06-08",0.037037037037037
altura,SP,9,D,"2015-06-08
to
2015-07-09",0
altura,SP,9,D,"2015-07-09
to
2015-08-24",0.0543478260869565
altura,SP,9,E,"2015-01-12
to
2015-01-22",0
altura,SP,9,E,"2015-01-22
to
2015-03-01",0
altura,SP,9,E,"2015-03-01
to
2015-04-10",0.05
altura,SP,9,E,"2015-04-10
to
2015-05-12",0.09375
altura,SP,9,E,"2015-05-12
to
2015-06-08",0.0555555555555556
altura,SP,9,E,"2015-06-08
to
2015-07-09",0.290322580645161
altura,SP,9,E,"2015-07-09
to
2015-08-24",0.0760869565217391
altura,SP,10,A,"2015-01-12
to
2015-01-22",0
altura,SP,10,A,"2015-01-22
to
2015-03-01",0
altura,SP,10,A,"2015-03-01
to
2015-04-10",0.075
altura,SP,10,A,"2015-04-10
to
2015-05-12",0.109375
altura,SP,10,A,"2015-05-12
to
2015-06-08",0.12962962962963
altura,SP,10,A,"2015-06-08
to
2015-07-09",0.209677419354839
altura,SP,10,A,"2015-07-09
to
2015-08-24",0.173913043478261
altura,SP,11,A,"2015-01-12
to
2015-01-22",0
altura,SP,11,A,"2015-01-22
to
2015-03-01",0
altura,SP,11,A,"2015-03-01
to
2015-04-10",0.0375
altura,SP,11,A,"2015-04-10
to
2015-05-12",0.078125
altura,SP,11,A,"2015-05-12
to
2015-06-08",0.037037037037037
altura,SP,11,A,"2015-06-08
to
2015-07-09",0.0161290322580645
altura,SP,11,A,"2015-07-09
to
2015-08-24",-0.0108695652173913
altura,SP,11,B,"2015-01-12
to
2015-01-22",0
altura,SP,11,B,"2015-01-22
to
2015-03-01",0.0394736842105263
altura,SP,11,B,"2015-03-01
to
2015-04-10",0.0875
altura,SP,11,B,"2015-04-10
to
2015-05-12",0.09375
altura,SP,11,B,"2015-05-12
to
2015-06-08",0.0555555555555556
altura,SP,11,B,"2015-06-08
to
2015-07-09",0.032258064516129
altura,SP,11,B,"2015-07-09
to
2015-08-24",0.0869565217391304
altura,SP,11,C,"2015-01-12
to
2015-01-22",0.1
altura,SP,11,C,"2015-01-22
to
2015-03-01",0.0921052631578947
altura,SP,11,C,"2015-03-01
to
2015-04-10",0.15
altura,SP,11,C,"2015-04-10
to
2015-05-12",0.078125
altura,SP,11,C,"2015-05-12
to
2015-06-08",0.203703703703704
altura,SP,11,C,"2015-06-08
to
2015-07-09",0.209677419354839
altura,SP,11,C,"2015-07-09
to
2015-08-24",0.195652173913043
altura,SP,11,D,"2015-01-12
to
2015-01-22",0.05
altura,SP,11,D,"2015-01-22
to
2015-03-01",0.0921052631578947
altura,SP,11,D,"2015-03-01
to
2015-04-10",0.0875
altura,SP,11,D,"2015-04-10
to
2015-05-12",0.09375
altura,SP,11,D,"2015-05-12
to
2015-06-08",0.12962962962963
altura,SP,11,D,"2015-06-08
to
2015-07-09",0.0806451612903226
altura,SP,11,D,"2015-07-09
to
2015-08-24",0.119565217391304
altura,SP,11,E,"2015-01-12
to
2015-01-22",0.4
altura,SP,11,E,"2015-01-22
to
2015-03-01",0.0131578947368421
altura,SP,11,E,"2015-03-01
to
2015-04-10",0.0375
altura,SP,11,E,"2015-04-10
to
2015-05-12",0.078125
altura,SP,11,E,"2015-05-12
to
2015-06-08",0.148148148148148
altura,SP,11,E,"2015-06-08
to
2015-07-09",0.17741935483871
altura,SP,11,E,"2015-07-09
to
2015-08-24",0.206521739130435
altura,SP,11,F,"2015-01-12
to
2015-01-22",0
altura,SP,11,F,"2015-01-22
to
2015-03-01",0.0394736842105263
altura,SP,11,F,"2015-03-01
to
2015-04-10",0.0375
altura,SP,11,F,"2015-04-10
to
2015-05-12",0.109375
altura,SP,11,F,"2015-05-12
to
2015-06-08",0.0925925925925926
altura,SP,11,F,"2015-06-08
to
2015-07-09",0.112903225806452
altura,SP,11,F,"2015-07-09
to
2015-08-24",0.119565217391304
altura,SP,11,G,"2015-01-12
to
2015-01-22",0
altura,SP,11,G,"2015-01-22
to
2015-03-01",0.0394736842105263
altura,SP,11,G,"2015-03-01
to
2015-04-10",0.0625
altura,SP,11,G,"2015-04-10
to
2015-05-12",0.109375
altura,SP,11,G,"2015-05-12
to
2015-06-08",0.0740740740740741
altura,SP,11,G,"2015-06-08
to
2015-07-09",0.0483870967741935
altura,SP,11,G,"2015-07-09
to
2015-08-24",0.0869565217391304
altura,SP,11,H,"2015-01-12
to
2015-01-22",0
altura,SP,11,H,"2015-01-22
to
2015-03-01",0.0394736842105263
altura,SP,11,H,"2015-03-01
to
2015-04-10",0.05
altura,SP,11,H,"2015-04-10
to
2015-05-12",0.09375
altura,SP,11,H,"2015-05-12
to
2015-06-08",0.0740740740740741
altura,SP,11,H,"2015-06-08
to
2015-07-09",0.0967741935483871
altura,SP,11,H,"2015-07-09
to
2015-08-24",0.108695652173913
altura,SP,11,I,"2015-01-12
to
2015-01-22",0
altura,SP,11,I,"2015-01-22
to
2015-03-01",0.131578947368421
altura,SP,11,I,"2015-03-01
to
2015-04-10",0.1875
altura,SP,11,I,"2015-04-10
to
2015-05-12",0.15625
altura,SP,11,I,"2015-05-12
to
2015-06-08",0.0925925925925926
altura,SP,11,I,"2015-06-08
to
2015-07-09",0.0645161290322581
altura,SP,11,I,"2015-07-09
to
2015-08-24",0.152173913043478
altura,SP,11,J,"2015-01-12
to
2015-01-22",0.05
altura,SP,11,J,"2015-01-22
to
2015-03-01",0.0394736842105263
altura,SP,11,J,"2015-03-01
to
2015-04-10",0.1375
altura,SP,11,J,"2015-04-10
to
2015-05-12",0.09375
altura,SP,11,J,"2015-05-12
to
2015-06-08",0.037037037037037
altura,SP,11,J,"2015-06-08
to
2015-07-09",0.0483870967741935
altura,SP,11,J,"2015-07-09
to
2015-08-24",0.130434782608696
altura,SP,12,A,"2015-01-12
to
2015-01-22",0.05
altura,SP,12,A,"2015-01-22
to
2015-03-01",0.0263157894736842
altura,SP,12,A,"2015-03-01
to
2015-04-10",0.1
altura,SP,12,A,"2015-04-10
to
2015-05-12",0.078125
altura,SP,12,A,"2015-05-12
to
2015-06-08",0.12962962962963
altura,SP,12,A,"2015-06-08
to
2015-07-09",0.129032258064516
altura,SP,12,A,"2015-07-09
to
2015-08-24",0.130434782608696
altura,SP,12,B,"2015-01-12
to
2015-01-22",0.2
altura,SP,12,B,"2015-01-22
to
2015-03-01",0.0263157894736842
altura,SP,12,B,"2015-03-01
to
2015-04-10",0.1
altura,SP,12,B,"2015-04-10
to
2015-05-12",0.09375
altura,SP,12,B,"2015-05-12
to
2015-06-08",0.12962962962963
altura,SP,12,B,"2015-06-08
to
2015-07-09",0.145161290322581
altura,SP,12,B,"2015-07-09
to
2015-08-24",0.152173913043478
altura,SP,12,C,"2015-01-12
to
2015-01-22",0.1
altura,SP,12,C,"2015-01-22
to
2015-03-01",0.0131578947368421
altura,SP,12,C,"2015-03-01
to
2015-04-10",0.1
altura,SP,12,C,"2015-04-10
to
2015-05-12",0.15625
altura,SP,12,C,"2015-05-12
to
2015-06-08",0.111111111111111
altura,SP,12,C,"2015-06-08
to
2015-07-09",0.0806451612903226
altura,SP,12,C,"2015-07-09
to
2015-08-24",0.141304347826087
altura,SP,12,D,"2015-01-12
to
2015-01-22",0
altura,SP,12,D,"2015-01-22
to
2015-03-01",0.0263157894736842
altura,SP,12,D,"2015-03-01
to
2015-04-10",0.0875
altura,SP,12,D,"2015-04-10
to
2015-05-12",0.125
altura,SP,12,D,"2015-05-12
to
2015-06-08",0.185185185185185
altura,SP,12,D,"2015-06-08
to
2015-07-09",0.145161290322581
altura,SP,12,D,"2015-07-09
to
2015-08-24",0.130434782608696
altura,SP,13,A,"2015-01-12
to
2015-01-22",0
altura,SP,13,A,"2015-01-22
to
2015-03-01",0
altura,SP,13,A,"2015-03-01
to
2015-04-10",0.0375
altura,SP,13,A,"2015-04-10
to
2015-05-12",0.0625
altura,SP,13,A,"2015-05-12
to
2015-06-08",0.111111111111111
altura,SP,13,A,"2015-06-08
to
2015-07-09",0.032258064516129
altura,SP,13,A,"2015-07-09
to
2015-08-24",0.0108695652173913
altura,SP,13,B,"2015-01-12
to
2015-01-22",0
altura,SP,13,B,"2015-01-22
to
2015-03-01",0
altura,SP,13,B,"2015-03-01
to
2015-04-10",0.0375
altura,SP,13,B,"2015-04-10
to
2015-05-12",0.09375
altura,SP,13,B,"2015-05-12
to
2015-06-08",0.0925925925925926
altura,SP,13,B,"2015-06-08
to
2015-07-09",0.0967741935483871
altura,SP,13,B,"2015-07-09
to
2015-08-24",0.152173913043478
altura,SP,13,C,"2015-01-12
to
2015-01-22",0
altura,SP,13,C,"2015-01-22
to
2015-03-01",0
altura,SP,13,C,"2015-03-01
to
2015-04-10",0.025
altura,SP,13,C,"2015-04-10
to
2015-05-12",0.03125
altura,SP,13,C,"2015-05-12
to
2015-06-08",0
altura,SP,13,C,"2015-06-08
to
2015-07-09",0.032258064516129
altura,SP,13,C,"2015-07-09
to
2015-08-24",0.0543478260869565
altura,SP,13,D,"2015-01-12
to
2015-01-22",0
altura,SP,13,D,"2015-01-22
to
2015-03-01",0.0131578947368421
altura,SP,13,D,"2015-03-01
to
2015-04-10",0.05
altura,SP,13,D,"2015-04-10
to
2015-05-12",0.109375
altura,SP,13,D,"2015-05-12
to
2015-06-08",0.0925925925925926
altura,SP,13,D,"2015-06-08
to
2015-07-09",0.0967741935483871
altura,SP,13,D,"2015-07-09
to
2015-08-24",0.141304347826087
altura,SP,14,A,"2015-01-12
to
2015-01-22",0
altura,SP,14,A,"2015-01-22
to
2015-03-01",0.0131578947368421
altura,SP,14,A,"2015-03-01
to
2015-04-10",0.075
altura,SP,14,A,"2015-04-10
to
2015-05-12",0.15625
altura,SP,14,A,"2015-05-12
to
2015-06-08",0.148148148148148
altura,SP,14,A,"2015-06-08
to
2015-07-09",0.161290322580645
altura,SP,14,A,"2015-07-09
to
2015-08-24",0.184782608695652
altura,SP,14,B,"2015-01-12
to
2015-01-22",0
altura,SP,14,B,"2015-01-22
to
2015-03-01",0
altura,SP,14,B,"2015-03-01
to
2015-04-10",0.0625
altura,SP,14,B,"2015-04-10
to
2015-05-12",0.171875
altura,SP,14,B,"2015-05-12
to
2015-06-08",0.111111111111111
altura,SP,14,B,"2015-06-08
to
2015-07-09",0.193548387096774
altura,SP,14,B,"2015-07-09
to
2015-08-24",0.184782608695652
altura,SP,14,C,"2015-01-12
to
2015-01-22",0
altura,SP,14,C,"2015-01-22
to
2015-03-01",0.0263157894736842
altura,SP,14,C,"2015-03-01
to
2015-04-10",0.075
altura,SP,14,C,"2015-04-10
to
2015-05-12",0.15625
altura,SP,14,C,"2015-05-12
to
2015-06-08",0.166666666666667
altura,SP,14,C,"2015-06-08
to
2015-07-09",0.193548387096774
altura,SP,14,C,"2015-07-09
to
2015-08-24",0.141304347826087
altura,SP,15,A,"2015-01-12
to
2015-01-22",0.15
altura,SP,15,A,"2015-01-22
to
2015-03-01",0.0263157894736842
altura,SP,15,A,"2015-03-01
to
2015-04-10",0.0875
altura,SP,15,A,"2015-04-10
to
2015-05-12",0.1875
altura,SP,15,A,"2015-05-12
to
2015-06-08",0.185185185185185
altura,SP,15,A,"2015-06-08
to
2015-07-09",0.17741935483871
altura,SP,15,A,"2015-07-09
to
2015-08-24",0.217391304347826
altura,SP,15,B,"2015-01-12
to
2015-01-22",0.15
altura,SP,15,B,"2015-01-22
to
2015-03-01",0.131578947368421
altura,SP,15,B,"2015-03-01
to
2015-04-10",0.2
altura,SP,15,B,"2015-04-10
to
2015-05-12",0.171875
altura,SP,15,B,"2015-05-12
to
2015-06-08",0.148148148148148
altura,SP,15,B,"2015-06-08
to
2015-07-09",0.17741935483871
altura,SP,15,B,"2015-07-09
to
2015-08-24",0.152173913043478
altura,SP,16,A,"2015-01-12
to
2015-01-22",0
altura,SP,16,A,"2015-01-22
to
2015-03-01",0.0526315789473684
altura,SP,16,A,"2015-03-01
to
2015-04-10",0
altura,SP,16,A,"2015-04-10
to
2015-05-12",0.109375
altura,SP,16,A,"2015-05-12
to
2015-06-08",0.0925925925925926
altura,SP,16,A,"2015-06-08
to
2015-07-09",0.112903225806452
altura,SP,16,A,"2015-07-09
to
2015-08-24",0.108695652173913
altura,SP,16,B,"2015-01-12
to
2015-01-22",0
altura,SP,16,B,"2015-01-22
to
2015-03-01",0.0394736842105263
altura,SP,16,B,"2015-03-01
to
2015-04-10",0.15
altura,SP,16,B,"2015-04-10
to
2015-05-12",0.09375
altura,SP,16,B,"2015-05-12
to
2015-06-08",0.111111111111111
altura,SP,16,B,"2015-06-08
to
2015-07-09",0.145161290322581
altura,SP,16,B,"2015-07-09
to
2015-08-24",0.108695652173913
diametro,RJ,3,A,"2015-01-22
to
2015-03-01",0
diametro,RJ,3,A,"2015-03-01
to
2015-04-10",0.02
diametro,RJ,3,A,"2015-04-10
to
2015-05-12",0.00624999999999999
diametro,RJ,3,A,"2015-05-12
to
2015-06-08",0.0296296296296296
diametro,RJ,3,A,"2015-06-08
to
2015-07-09",0
diametro,RJ,3,A,"2015-07-09
to
2015-08-24",0
diametro,RJ,3,B,"2015-01-22
to
2015-03-01",0.0131578947368421
diametro,RJ,3,B,"2015-03-01
to
2015-04-10",0
diametro,RJ,3,B,"2015-04-10
to
2015-05-12",0.00937499999999999
diametro,RJ,3,B,"2015-05-12
to
2015-06-08",0.0444444444444445
diametro,RJ,3,B,"2015-06-08
to
2015-07-09",0.00645161290322581
diametro,RJ,3,B,"2015-07-09
to
2015-08-24",0.0173913043478261
diametro,RJ,5,A,"2015-01-22
to
2015-03-01",0
diametro,RJ,5,A,"2015-03-01
to
2015-04-10",0.0025
diametro,RJ,5,A,"2015-04-10
to
2015-05-12",0.00937499999999999
diametro,RJ,5,A,"2015-05-12
to
2015-06-08",0.00370370370370371
diametro,RJ,5,A,"2015-06-08
to
2015-07-09",0.00645161290322581
diametro,RJ,5,A,"2015-07-09
to
2015-08-24",0.00217391304347825
diametro,RJ,5,B,"2015-01-22
to
2015-03-01",0
diametro,RJ,5,B,"2015-03-01
to
2015-04-10",0.01
diametro,RJ,5,B,"2015-04-10
to
2015-05-12",0.015625
diametro,RJ,5,B,"2015-05-12
to
2015-06-08",0
diametro,RJ,5,B,"2015-06-08
to
2015-07-09",-0.00322580645161289
diametro,RJ,5,B,"2015-07-09
to
2015-08-24",0
diametro,RJ,5,C,"2015-01-22
to
2015-03-01",0.00263157894736842
diametro,RJ,5,C,"2015-03-01
to
2015-04-10",0.00499999999999999
diametro,RJ,5,C,"2015-04-10
to
2015-05-12",0.00937500000000001
diametro,RJ,5,C,"2015-05-12
to
2015-06-08",0
diametro,RJ,5,C,"2015-06-08
to
2015-07-09",0.0096774193548387
diametro,RJ,5,C,"2015-07-09
to
2015-08-24",0.00217391304347826
diametro,RJ,7,A,"2015-01-22
to
2015-03-01",0.00263157894736842
diametro,RJ,7,A,"2015-03-01
to
2015-04-10",0.005
diametro,RJ,7,A,"2015-04-10
to
2015-05-12",0.015625
diametro,RJ,7,A,"2015-05-12
to
2015-06-08",0
diametro,RJ,7,A,"2015-06-08
to
2015-07-09",-0.00645161290322581
diametro,RJ,7,A,"2015-07-09
to
2015-08-24",0.0152173913043478
diametro,RJ,7,B,"2015-01-22
to
2015-03-01",0
diametro,RJ,7,B,"2015-03-01
to
2015-04-10",0.0125
diametro,RJ,7,B,"2015-04-10
to
2015-05-12",0.00937499999999999
diametro,RJ,7,B,"2015-05-12
to
2015-06-08",0.0222222222222222
diametro,RJ,7,B,"2015-06-08
to
2015-07-09",0.0129032258064516
diametro,RJ,7,B,"2015-07-09
to
2015-08-24",0.0152173913043478
diametro,RJ,7,C,"2015-01-22
to
2015-03-01",0
diametro,RJ,7,C,"2015-03-01
to
2015-04-10",0.0075
diametro,RJ,7,C,"2015-04-10
to
2015-05-12",0
diametro,RJ,7,C,"2015-05-12
to
2015-06-08",0.0111111111111111
diametro,RJ,7,C,"2015-06-08
to
2015-07-09",0.0129032258064516
diametro,RJ,7,C,"2015-07-09
to
2015-08-24",0
diametro,RJ,8,A,"2015-01-22
to
2015-03-01",0
diametro,RJ,8,A,"2015-03-01
to
2015-04-10",0.0125
diametro,RJ,8,A,"2015-04-10
to
2015-05-12",0
diametro,RJ,8,A,"2015-05-12
to
2015-06-08",0.0111111111111111
diametro,RJ,8,A,"2015-06-08
to
2015-07-09",0
diametro,RJ,8,A,"2015-07-09
to
2015-08-24",0
diametro,RJ,8,B,"2015-01-22
to
2015-03-01",0.00263157894736842
diametro,RJ,8,B,"2015-03-01
to
2015-04-10",0.0025
diametro,RJ,8,B,"2015-04-10
to
2015-05-12",0
diametro,RJ,8,B,"2015-05-12
to
2015-06-08",0.0185185185185185
diametro,RJ,8,B,"2015-06-08
to
2015-07-09",0
diametro,RJ,8,B,"2015-07-09
to
2015-08-24",0
diametro,RJ,8,C,"2015-01-22
to
2015-03-01",0.00789473684210526
diametro,RJ,8,C,"2015-03-01
to
2015-04-10",0.005
diametro,RJ,8,C,"2015-04-10
to
2015-05-12",0.01875
diametro,RJ,8,C,"2015-05-12
to
2015-06-08",0.0222222222222222
diametro,RJ,8,C,"2015-06-08
to
2015-07-09",0.0193548387096774
diametro,RJ,8,C,"2015-07-09
to
2015-08-24",0.0260869565217391
diametro,RJ,9,A,"2015-01-22
to
2015-03-01",0.00526315789473684
diametro,RJ,9,A,"2015-03-01
to
2015-04-10",0.01
diametro,RJ,9,A,"2015-04-10
to
2015-05-12",0.0125
diametro,RJ,9,A,"2015-05-12
to
2015-06-08",0
diametro,RJ,9,A,"2015-06-08
to
2015-07-09",0
diametro,RJ,9,A,"2015-07-09
to
2015-08-24",0.00869565217391304
diametro,RJ,9,B,"2015-01-22
to
2015-03-01",0.00526315789473685
diametro,RJ,9,B,"2015-03-01
to
2015-04-10",0.00499999999999999
diametro,RJ,9,B,"2015-04-10
to
2015-05-12",0.0125
diametro,RJ,9,B,"2015-05-12
to
2015-06-08",0.00370370370370371
diametro,RJ,9,B,"2015-06-08
to
2015-07-09",0.00322580645161291
diametro,RJ,9,B,"2015-07-09
to
2015-08-24",NA
diametro,RJ,9,C,"2015-01-22
to
2015-03-01",0
diametro,RJ,9,C,"2015-03-01
to
2015-04-10",0.0075
diametro,RJ,9,C,"2015-04-10
to
2015-05-12",0.00937499999999999
diametro,RJ,9,C,"2015-05-12
to
2015-06-08",0.0111111111111111
diametro,RJ,9,C,"2015-06-08
to
2015-07-09",-0.00322580645161291
diametro,RJ,9,C,"2015-07-09
to
2015-08-24",NA
diametro,RJ,10,A,"2015-01-22
to
2015-03-01",0
diametro,RJ,10,A,"2015-03-01
to
2015-04-10",0.0125
diametro,RJ,10,A,"2015-04-10
to
2015-05-12",0.0125
diametro,RJ,10,A,"2015-05-12
to
2015-06-08",0.0185185185185185
diametro,RJ,10,A,"2015-06-08
to
2015-07-09",0.0193548387096774
diametro,RJ,10,A,"2015-07-09
to
2015-08-24",0.0108695652173913
diametro,RJ,10,B,"2015-01-22
to
2015-03-01",0.00263157894736841
diametro,RJ,10,B,"2015-03-01
to
2015-04-10",0.01
diametro,RJ,10,B,"2015-04-10
to
2015-05-12",0.015625
diametro,RJ,10,B,"2015-05-12
to
2015-06-08",0.0185185185185185
diametro,RJ,10,B,"2015-06-08
to
2015-07-09",0.0225806451612903
diametro,RJ,10,B,"2015-07-09
to
2015-08-24",0.0173913043478261
diametro,RJ,10,C,"2015-01-22
to
2015-03-01",0.0131578947368421
diametro,RJ,10,C,"2015-03-01
to
2015-04-10",0.00750000000000001
diametro,RJ,10,C,"2015-04-10
to
2015-05-12",0.0375
diametro,RJ,10,C,"2015-05-12
to
2015-06-08",0.0185185185185185
diametro,RJ,10,C,"2015-06-08
to
2015-07-09",0.032258064516129
diametro,RJ,10,C,"2015-07-09
to
2015-08-24",0.0217391304347826
diametro,RJ,11,A,"2015-01-22
to
2015-03-01",0.00789473684210527
diametro,RJ,11,A,"2015-03-01
to
2015-04-10",0.01
diametro,RJ,11,A,"2015-04-10
to
2015-05-12",0.021875
diametro,RJ,11,A,"2015-05-12
to
2015-06-08",0
diametro,RJ,11,A,"2015-06-08
to
2015-07-09",0.0096774193548387
diametro,RJ,11,A,"2015-07-09
to
2015-08-24",0.0065217391304348
diametro,RJ,11,B,"2015-01-22
to
2015-03-01",0
diametro,RJ,11,B,"2015-03-01
to
2015-04-10",0
diametro,RJ,11,B,"2015-04-10
to
2015-05-12",0.015625
diametro,RJ,11,B,"2015-05-12
to
2015-06-08",0.0185185185185185
diametro,RJ,11,B,"2015-06-08
to
2015-07-09",0.0161290322580645
diametro,RJ,11,B,"2015-07-09
to
2015-08-24",0
diametro,RJ,11,C,"2015-01-22
to
2015-03-01",0.00263157894736841
diametro,RJ,11,C,"2015-03-01
to
2015-04-10",0.01
diametro,RJ,11,C,"2015-04-10
to
2015-05-12",0
diametro,RJ,11,C,"2015-05-12
to
2015-06-08",0.0222222222222222
diametro,RJ,11,C,"2015-06-08
to
2015-07-09",0.00322580645161291
diametro,RJ,11,C,"2015-07-09
to
2015-08-24",0.0195652173913043
diametro,RJ,11,D,"2015-01-22
to
2015-03-01",0.00789473684210526
diametro,RJ,11,D,"2015-03-01
to
2015-04-10",0.0025
diametro,RJ,11,D,"2015-04-10
to
2015-05-12",0.01875
diametro,RJ,11,D,"2015-05-12
to
2015-06-08",0.0148148148148148
diametro,RJ,11,D,"2015-06-08
to
2015-07-09",0.0225806451612903
diametro,RJ,11,D,"2015-07-09
to
2015-08-24",0.0217391304347826
diametro,RJ,12,A,"2015-01-22
to
2015-03-01",0
diametro,RJ,12,A,"2015-03-01
to
2015-04-10",0.00750000000000001
diametro,RJ,12,A,"2015-04-10
to
2015-05-12",0.00624999999999999
diametro,RJ,12,A,"2015-05-12
to
2015-06-08",0.00740740740740741
diametro,RJ,12,A,"2015-06-08
to
2015-07-09",0.0064516129032258
diametro,RJ,12,A,"2015-07-09
to
2015-08-24",0
diametro,RJ,12,B,"2015-01-22
to
2015-03-01",0.00789473684210526
diametro,RJ,12,B,"2015-03-01
to
2015-04-10",0.005
diametro,RJ,12,B,"2015-04-10
to
2015-05-12",0.0125
diametro,RJ,12,B,"2015-05-12
to
2015-06-08",0.0259259259259259
diametro,RJ,12,B,"2015-06-08
to
2015-07-09",0.0193548387096774
diametro,RJ,12,B,"2015-07-09
to
2015-08-24",0.0195652173913043
diametro,RJ,12,C,"2015-01-22
to
2015-03-01",0.00789473684210527
diametro,RJ,12,C,"2015-03-01
to
2015-04-10",0.00499999999999999
diametro,RJ,12,C,"2015-04-10
to
2015-05-12",0.01875
diametro,RJ,12,C,"2015-05-12
to
2015-06-08",0.0185185185185185
diametro,RJ,12,C,"2015-06-08
to
2015-07-09",0.0290322580645161
diametro,RJ,12,C,"2015-07-09
to
2015-08-24",0.0152173913043478
diametro,RJ,13,A,"2015-01-22
to
2015-03-01",0.00526315789473685
diametro,RJ,13,A,"2015-03-01
to
2015-04-10",0
diametro,RJ,13,A,"2015-04-10
to
2015-05-12",0.00312499999999999
diametro,RJ,13,A,"2015-05-12
to
2015-06-08",0.0148148148148148
diametro,RJ,13,A,"2015-06-08
to
2015-07-09",0.00322580645161289
diametro,RJ,13,A,"2015-07-09
to
2015-08-24",0.00217391304347826
diametro,RJ,13,B,"2015-01-22
to
2015-03-01",0
diametro,RJ,13,B,"2015-03-01
to
2015-04-10",0.015
diametro,RJ,13,B,"2015-04-10
to
2015-05-12",0.00937499999999999
diametro,RJ,13,B,"2015-05-12
to
2015-06-08",0.00740740740740741
diametro,RJ,13,B,"2015-06-08
to
2015-07-09",0.0161290322580645
diametro,RJ,13,B,"2015-07-09
to
2015-08-24",0.00869565217391303
diametro,RJ,13,C,"2015-01-22
to
2015-03-01",0.00526315789473685
diametro,RJ,13,C,"2015-03-01
to
2015-04-10",0.0125
diametro,RJ,13,C,"2015-04-10
to
2015-05-12",0.0125
diametro,RJ,13,C,"2015-05-12
to
2015-06-08",0.0296296296296296
diametro,RJ,13,C,"2015-06-08
to
2015-07-09",0.00322580645161289
diametro,RJ,13,C,"2015-07-09
to
2015-08-24",0.0217391304347826
diametro,RJ,14,A,"2015-01-22
to
2015-03-01",0.00263157894736841
diametro,RJ,14,A,"2015-03-01
to
2015-04-10",0
diametro,RJ,14,A,"2015-04-10
to
2015-05-12",0.01875
diametro,RJ,14,A,"2015-05-12
to
2015-06-08",0.0592592592592593
diametro,RJ,14,A,"2015-06-08
to
2015-07-09",0.00645161290322581
diametro,RJ,14,A,"2015-07-09
to
2015-08-24",0
diametro,RJ,14,B,"2015-01-22
to
2015-03-01",0
diametro,RJ,14,B,"2015-03-01
to
2015-04-10",0.01
diametro,RJ,14,B,"2015-04-10
to
2015-05-12",0.00937500000000001
diametro,RJ,14,B,"2015-05-12
to
2015-06-08",0.037037037037037
diametro,RJ,14,B,"2015-06-08
to
2015-07-09",0.00322580645161291
diametro,RJ,14,B,"2015-07-09
to
2015-08-24",0
diametro,RJ,14,C,"2015-01-22
to
2015-03-01",0.00789473684210526
diametro,RJ,14,C,"2015-03-01
to
2015-04-10",0.00750000000000001
diametro,RJ,14,C,"2015-04-10
to
2015-05-12",0.00937499999999999
diametro,RJ,14,C,"2015-05-12
to
2015-06-08",0.0148148148148148
diametro,RJ,14,C,"2015-06-08
to
2015-07-09",0.0161290322580645
diametro,RJ,14,C,"2015-07-09
to
2015-08-24",0.0217391304347826
diametro,RJ,16,A,"2015-01-22
to
2015-03-01",0.00263157894736842
diametro,RJ,16,A,"2015-03-01
to
2015-04-10",0.02
diametro,RJ,16,A,"2015-04-10
to
2015-05-12",0.0125
diametro,RJ,16,A,"2015-05-12
to
2015-06-08",0.0333333333333333
diametro,RJ,16,A,"2015-06-08
to
2015-07-09",0.00645161290322581
diametro,RJ,16,A,"2015-07-09
to
2015-08-24",0.0217391304347826
diametro,RJ,16,B,"2015-01-22
to
2015-03-01",0
diametro,RJ,16,B,"2015-03-01
to
2015-04-10",0.0175
diametro,RJ,16,B,"2015-04-10
to
2015-05-12",0.0125
diametro,RJ,16,B,"2015-05-12
to
2015-06-08",0.0074074074074074
diametro,RJ,16,B,"2015-06-08
to
2015-07-09",0.0290322580645161
diametro,RJ,16,B,"2015-07-09
to
2015-08-24",0.0130434782608696
diametro,RJ,16,C,"2015-01-22
to
2015-03-01",0.00263157894736841
diametro,RJ,16,C,"2015-03-01
to
2015-04-10",0
diametro,RJ,16,C,"2015-04-10
to
2015-05-12",0
diametro,RJ,16,C,"2015-05-12
to
2015-06-08",NA
diametro,RJ,16,C,"2015-06-08
to
2015-07-09",NA
diametro,RJ,16,C,"2015-07-09
to
2015-08-24",NA
diametro,RJ,18,A,"2015-01-22
to
2015-03-01",0.00263157894736842
diametro,RJ,18,A,"2015-03-01
to
2015-04-10",0.015
diametro,RJ,18,A,"2015-04-10
to
2015-05-12",0.00937499999999999
diametro,RJ,18,A,"2015-05-12
to
2015-06-08",0.0222222222222222
diametro,RJ,18,A,"2015-06-08
to
2015-07-09",0.0258064516129032
diametro,RJ,18,A,"2015-07-09
to
2015-08-24",0.0260869565217391
diametro,RJ,18,B,"2015-01-22
to
2015-03-01",0
diametro,RJ,18,B,"2015-03-01
to
2015-04-10",0.0075
diametro,RJ,18,B,"2015-04-10
to
2015-05-12",0.00625000000000001
diametro,RJ,18,B,"2015-05-12
to
2015-06-08",0.0111111111111111
diametro,RJ,18,B,"2015-06-08
to
2015-07-09",0.0225806451612903
diametro,RJ,18,B,"2015-07-09
to
2015-08-24",0.0173913043478261
diametro,RJ,18,C,"2015-01-22
to
2015-03-01",0.00263157894736842
diametro,RJ,18,C,"2015-03-01
to
2015-04-10",0.01
diametro,RJ,18,C,"2015-04-10
to
2015-05-12",0.015625
diametro,RJ,18,C,"2015-05-12
to
2015-06-08",0.0222222222222222
diametro,RJ,18,C,"2015-06-08
to
2015-07-09",0.0193548387096774
diametro,RJ,18,C,"2015-07-09
to
2015-08-24",0.0217391304347826
diametro,RJ,19,A,"2015-01-22
to
2015-03-01",0.00526315789473685
diametro,RJ,19,A,"2015-03-01
to
2015-04-10",0.0025
diametro,RJ,19,A,"2015-04-10
to
2015-05-12",0.0125
diametro,RJ,19,A,"2015-05-12
to
2015-06-08",0.037037037037037
diametro,RJ,19,A,"2015-06-08
to
2015-07-09",0.0129032258064516
diametro,RJ,19,A,"2015-07-09
to
2015-08-24",0.0173913043478261
diametro,RJ,19,B,"2015-01-22
to
2015-03-01",0
diametro,RJ,19,B,"2015-03-01
to
2015-04-10",0.0175
diametro,RJ,19,B,"2015-04-10
to
2015-05-12",0.00625000000000001
diametro,RJ,19,B,"2015-05-12
to
2015-06-08",0.0259259259259259
diametro,RJ,19,B,"2015-06-08
to
2015-07-09",0.00322580645161289
diametro,RJ,19,B,"2015-07-09
to
2015-08-24",0.0173913043478261
diametro,RJ,20,A,"2015-01-22
to
2015-03-01",0
diametro,RJ,20,A,"2015-03-01
to
2015-04-10",0.0075
diametro,RJ,20,A,"2015-04-10
to
2015-05-12",0.00937500000000001
diametro,RJ,20,A,"2015-05-12
to
2015-06-08",0.037037037037037
diametro,RJ,20,A,"2015-06-08
to
2015-07-09",0.0290322580645161
diametro,RJ,20,A,"2015-07-09
to
2015-08-24",0.0239130434782609
diametro,RJ,20,B,"2015-01-22
to
2015-03-01",0.00263157894736841
diametro,RJ,20,B,"2015-03-01
to
2015-04-10",0.01
diametro,RJ,20,B,"2015-04-10
to
2015-05-12",0.015625
diametro,RJ,20,B,"2015-05-12
to
2015-06-08",0.0222222222222222
diametro,RJ,20,B,"2015-06-08
to
2015-07-09",-0.00645161290322581
diametro,RJ,20,B,"2015-07-09
to
2015-08-24",NA
diametro,RJ,20,C,"2015-01-22
to
2015-03-01",0
diametro,RJ,20,C,"2015-03-01
to
2015-04-10",0
diametro,RJ,20,C,"2015-04-10
to
2015-05-12",0.04375
diametro,RJ,20,C,"2015-05-12
to
2015-06-08",0.0222222222222222
diametro,RJ,20,C,"2015-06-08
to
2015-07-09",0.032258064516129
diametro,RJ,20,C,"2015-07-09
to
2015-08-24",0.0108695652173913
diametro,RJ,21,A,"2015-01-22
to
2015-03-01",0.00789473684210526
diametro,RJ,21,A,"2015-03-01
to
2015-04-10",0.01
diametro,RJ,21,A,"2015-04-10
to
2015-05-12",0.0125
diametro,RJ,21,A,"2015-05-12
to
2015-06-08",0.0222222222222222
diametro,RJ,21,A,"2015-06-08
to
2015-07-09",0.0225806451612903
diametro,RJ,21,A,"2015-07-09
to
2015-08-24",0.0195652173913044
diametro,RJ,21,B,"2015-01-22
to
2015-03-01",0
diametro,RJ,21,B,"2015-03-01
to
2015-04-10",0.00499999999999999
diametro,RJ,21,B,"2015-04-10
to
2015-05-12",0.01875
diametro,RJ,21,B,"2015-05-12
to
2015-06-08",0.00740740740740741
diametro,RJ,21,B,"2015-06-08
to
2015-07-09",0.0193548387096774
diametro,RJ,21,B,"2015-07-09
to
2015-08-24",0.0130434782608696
diametro,RJ,21,C,"2015-01-22
to
2015-03-01",0
diametro,RJ,21,C,"2015-03-01
to
2015-04-10",0.0025
diametro,RJ,21,C,"2015-04-10
to
2015-05-12",0.015625
diametro,RJ,21,C,"2015-05-12
to
2015-06-08",0.00370370370370371
diametro,RJ,21,C,"2015-06-08
to
2015-07-09",0.0193548387096774
diametro,RJ,21,C,"2015-07-09
to
2015-08-24",0.0282608695652174
diametro,SP,1,A,"2015-01-22
to
2015-03-01",0.0473684210526316
diametro,SP,1,A,"2015-03-01
to
2015-04-10",0.00249999999999999
diametro,SP,1,A,"2015-04-10
to
2015-05-12",0.00937500000000002
diametro,SP,1,A,"2015-05-12
to
2015-06-08",0.0111111111111111
diametro,SP,1,A,"2015-06-08
to
2015-07-09",0.0161290322580645
diametro,SP,1,A,"2015-07-09
to
2015-08-24",0.0217391304347826
diametro,SP,2,A,"2015-01-22
to
2015-03-01",NA
diametro,SP,2,A,"2015-03-01
to
2015-04-10",NA
diametro,SP,2,A,"2015-04-10
to
2015-05-12",NA
diametro,SP,2,A,"2015-05-12
to
2015-06-08",NA
diametro,SP,2,A,"2015-06-08
to
2015-07-09",NA
diametro,SP,2,A,"2015-07-09
to
2015-08-24",NA
diametro,SP,3,A,"2015-01-22
to
2015-03-01",NA
diametro,SP,3,A,"2015-03-01
to
2015-04-10",NA
diametro,SP,3,A,"2015-04-10
to
2015-05-12",NA
diametro,SP,3,A,"2015-05-12
to
2015-06-08",NA
diametro,SP,3,A,"2015-06-08
to
2015-07-09",NA
diametro,SP,3,A,"2015-07-09
to
2015-08-24",NA
diametro,SP,3,B,"2015-01-22
to
2015-03-01",0.0105263157894737
diametro,SP,3,B,"2015-03-01
to
2015-04-10",0.0175
diametro,SP,3,B,"2015-04-10
to
2015-05-12",0.015625
diametro,SP,3,B,"2015-05-12
to
2015-06-08",0.0296296296296297
diametro,SP,3,B,"2015-06-08
to
2015-07-09",0.0193548387096774
diametro,SP,3,B,"2015-07-09
to
2015-08-24",0.0260869565217391
diametro,SP,4,A,"2015-01-22
to
2015-03-01",0.00526315789473685
diametro,SP,4,A,"2015-03-01
to
2015-04-10",0.0075
diametro,SP,4,A,"2015-04-10
to
2015-05-12",0.0125
diametro,SP,4,A,"2015-05-12
to
2015-06-08",0.0111111111111111
diametro,SP,4,A,"2015-06-08
to
2015-07-09",0.0096774193548387
diametro,SP,4,A,"2015-07-09
to
2015-08-24",0.0217391304347826
diametro,SP,4,B,"2015-01-22
to
2015-03-01",0.0210526315789474
diametro,SP,4,B,"2015-03-01
to
2015-04-10",0.0025
diametro,SP,4,B,"2015-04-10
to
2015-05-12",0.0125
diametro,SP,4,B,"2015-05-12
to
2015-06-08",0.0148148148148148
diametro,SP,4,B,"2015-06-08
to
2015-07-09",0.0258064516129032
diametro,SP,4,B,"2015-07-09
to
2015-08-24",0.0217391304347826
diametro,SP,5,A,"2015-01-22
to
2015-03-01",0.0131578947368421
diametro,SP,5,A,"2015-03-01
to
2015-04-10",0.0025
diametro,SP,5,A,"2015-04-10
to
2015-05-12",0.01875
diametro,SP,5,A,"2015-05-12
to
2015-06-08",0.0185185185185185
diametro,SP,5,A,"2015-06-08
to
2015-07-09",0.032258064516129
diametro,SP,5,A,"2015-07-09
to
2015-08-24",0.0152173913043478
diametro,SP,5,B,"2015-01-22
to
2015-03-01",0
diametro,SP,5,B,"2015-03-01
to
2015-04-10",0.005
diametro,SP,5,B,"2015-04-10
to
2015-05-12",0.00937499999999999
diametro,SP,5,B,"2015-05-12
to
2015-06-08",0.0185185185185185
diametro,SP,5,B,"2015-06-08
to
2015-07-09",0.0225806451612903
diametro,SP,5,B,"2015-07-09
to
2015-08-24",0.0282608695652174
diametro,SP,5,C,"2015-01-22
to
2015-03-01",0.0157894736842105
diametro,SP,5,C,"2015-03-01
to
2015-04-10",0.01
diametro,SP,5,C,"2015-04-10
to
2015-05-12",0.03125
diametro,SP,5,C,"2015-05-12
to
2015-06-08",0.0259259259259259
diametro,SP,5,C,"2015-06-08
to
2015-07-09",0.0290322580645161
diametro,SP,5,C,"2015-07-09
to
2015-08-24",0.0152173913043478
diametro,SP,6,A,"2015-01-22
to
2015-03-01",0.0157894736842105
diametro,SP,6,A,"2015-03-01
to
2015-04-10",0
diametro,SP,6,A,"2015-04-10
to
2015-05-12",0.0125
diametro,SP,6,A,"2015-05-12
to
2015-06-08",0.0111111111111111
diametro,SP,6,A,"2015-06-08
to
2015-07-09",0.00322580645161292
diametro,SP,6,A,"2015-07-09
to
2015-08-24",0.0130434782608696
diametro,SP,6,B,"2015-01-22
to
2015-03-01",0.0157894736842105
diametro,SP,6,B,"2015-03-01
to
2015-04-10",0.015
diametro,SP,6,B,"2015-04-10
to
2015-05-12",0.00624999999999999
diametro,SP,6,B,"2015-05-12
to
2015-06-08",0.0259259259259259
diametro,SP,6,B,"2015-06-08
to
2015-07-09",0.00645161290322581
diametro,SP,6,B,"2015-07-09
to
2015-08-24",0.0282608695652174
diametro,SP,7,A,"2015-01-22
to
2015-03-01",0.0157894736842105
diametro,SP,7,A,"2015-03-01
to
2015-04-10",0.0075
diametro,SP,7,A,"2015-04-10
to
2015-05-12",0.034375
diametro,SP,7,A,"2015-05-12
to
2015-06-08",0.0111111111111111
diametro,SP,7,A,"2015-06-08
to
2015-07-09",0.0354838709677419
diametro,SP,7,A,"2015-07-09
to
2015-08-24",0.0195652173913044
diametro,SP,7,B,"2015-01-22
to
2015-03-01",0.00263157894736842
diametro,SP,7,B,"2015-03-01
to
2015-04-10",0.0175
diametro,SP,7,B,"2015-04-10
to
2015-05-12",0.021875
diametro,SP,7,B,"2015-05-12
to
2015-06-08",0.0185185185185185
diametro,SP,7,B,"2015-06-08
to
2015-07-09",0.0225806451612903
diametro,SP,7,B,"2015-07-09
to
2015-08-24",0.0304347826086957
diametro,SP,9,A,"2015-01-22
to
2015-03-01",0.018421052631579
diametro,SP,9,A,"2015-03-01
to
2015-04-10",0.00249999999999999
diametro,SP,9,A,"2015-04-10
to
2015-05-12",0.03125
diametro,SP,9,A,"2015-05-12
to
2015-06-08",0.0222222222222222
diametro,SP,9,A,"2015-06-08
to
2015-07-09",0.0193548387096774
diametro,SP,9,A,"2015-07-09
to
2015-08-24",0.0195652173913044
diametro,SP,9,B,"2015-01-22
to
2015-03-01",0.0105263157894737
diametro,SP,9,B,"2015-03-01
to
2015-04-10",0.02
diametro,SP,9,B,"2015-04-10
to
2015-05-12",0.015625
diametro,SP,9,B,"2015-05-12
to
2015-06-08",0.0296296296296296
diametro,SP,9,B,"2015-06-08
to
2015-07-09",0.0193548387096774
diametro,SP,9,B,"2015-07-09
to
2015-08-24",0.0347826086956522
diametro,SP,9,C,"2015-01-22
to
2015-03-01",0.00789473684210527
diametro,SP,9,C,"2015-03-01
to
2015-04-10",0.0025
diametro,SP,9,C,"2015-04-10
to
2015-05-12",0.015625
diametro,SP,9,C,"2015-05-12
to
2015-06-08",0.0111111111111111
diametro,SP,9,C,"2015-06-08
to
2015-07-09",0.0258064516129032
diametro,SP,9,C,"2015-07-09
to
2015-08-24",0.0173913043478261
diametro,SP,9,D,"2015-01-22
to
2015-03-01",0.00263157894736842
diametro,SP,9,D,"2015-03-01
to
2015-04-10",0.01
diametro,SP,9,D,"2015-04-10
to
2015-05-12",0.025
diametro,SP,9,D,"2015-05-12
to
2015-06-08",0.00740740740740741
diametro,SP,9,D,"2015-06-08
to
2015-07-09",0.0290322580645161
diametro,SP,9,D,"2015-07-09
to
2015-08-24",0.0391304347826087
diametro,SP,9,E,"2015-01-22
to
2015-03-01",0.00526315789473684
diametro,SP,9,E,"2015-03-01
to
2015-04-10",0.0025
diametro,SP,9,E,"2015-04-10
to
2015-05-12",0.01875
diametro,SP,9,E,"2015-05-12
to
2015-06-08",0.0111111111111111
diametro,SP,9,E,"2015-06-08
to
2015-07-09",0.0258064516129032
diametro,SP,9,E,"2015-07-09
to
2015-08-24",0.0239130434782609
diametro,SP,10,A,"2015-01-22
to
2015-03-01",0.0157894736842105
diametro,SP,10,A,"2015-03-01
to
2015-04-10",0.015
diametro,SP,10,A,"2015-04-10
to
2015-05-12",0.00625000000000001
diametro,SP,10,A,"2015-05-12
to
2015-06-08",0.0296296296296296
diametro,SP,10,A,"2015-06-08
to
2015-07-09",0.0193548387096774
diametro,SP,10,A,"2015-07-09
to
2015-08-24",0.0217391304347826
diametro,SP,11,A,"2015-01-22
to
2015-03-01",0
diametro,SP,11,A,"2015-03-01
to
2015-04-10",0.0325
diametro,SP,11,A,"2015-04-10
to
2015-05-12",0
diametro,SP,11,A,"2015-05-12
to
2015-06-08",0
diametro,SP,11,A,"2015-06-08
to
2015-07-09",0.0096774193548387
diametro,SP,11,A,"2015-07-09
to
2015-08-24",0.0152173913043478
diametro,SP,11,B,"2015-01-22
to
2015-03-01",0.0210526315789474
diametro,SP,11,B,"2015-03-01
to
2015-04-10",0.0125
diametro,SP,11,B,"2015-04-10
to
2015-05-12",0
diametro,SP,11,B,"2015-05-12
to
2015-06-08",0.0148148148148148
diametro,SP,11,B,"2015-06-08
to
2015-07-09",0.00645161290322581
diametro,SP,11,B,"2015-07-09
to
2015-08-24",0.0239130434782609
diametro,SP,11,C,"2015-01-22
to
2015-03-01",0.0342105263157895
diametro,SP,11,C,"2015-03-01
to
2015-04-10",0
diametro,SP,11,C,"2015-04-10
to
2015-05-12",0.00625000000000001
diametro,SP,11,C,"2015-05-12
to
2015-06-08",0.0444444444444444
diametro,SP,11,C,"2015-06-08
to
2015-07-09",0.0290322580645161
diametro,SP,11,C,"2015-07-09
to
2015-08-24",0.0108695652173913
diametro,SP,11,D,"2015-01-22
to
2015-03-01",0.018421052631579
diametro,SP,11,D,"2015-03-01
to
2015-04-10",0.00999999999999999
diametro,SP,11,D,"2015-04-10
to
2015-05-12",0.00937500000000002
diametro,SP,11,D,"2015-05-12
to
2015-06-08",0.0148148148148148
diametro,SP,11,D,"2015-06-08
to
2015-07-09",0.00322580645161292
diametro,SP,11,D,"2015-07-09
to
2015-08-24",0.0173913043478261
diametro,SP,11,E,"2015-01-22
to
2015-03-01",0.0263157894736842
diametro,SP,11,E,"2015-03-01
to
2015-04-10",0
diametro,SP,11,E,"2015-04-10
to
2015-05-12",0.0125
diametro,SP,11,E,"2015-05-12
to
2015-06-08",0.0185185185185185
diametro,SP,11,E,"2015-06-08
to
2015-07-09",0.0258064516129032
diametro,SP,11,E,"2015-07-09
to
2015-08-24",0.0260869565217391
diametro,SP,11,F,"2015-01-22
to
2015-03-01",0.0105263157894737
diametro,SP,11,F,"2015-03-01
to
2015-04-10",0.01
diametro,SP,11,F,"2015-04-10
to
2015-05-12",0.01875
diametro,SP,11,F,"2015-05-12
to
2015-06-08",0.00740740740740741
diametro,SP,11,F,"2015-06-08
to
2015-07-09",0.0193548387096774
diametro,SP,11,F,"2015-07-09
to
2015-08-24",0.0391304347826087
diametro,SP,11,G,"2015-01-22
to
2015-03-01",0.018421052631579
diametro,SP,11,G,"2015-03-01
to
2015-04-10",0.02
diametro,SP,11,G,"2015-04-10
to
2015-05-12",0.00625000000000001
diametro,SP,11,G,"2015-05-12
to
2015-06-08",0.0222222222222222
diametro,SP,11,G,"2015-06-08
to
2015-07-09",-0.0161290322580645
diametro,SP,11,G,"2015-07-09
to
2015-08-24",0.0173913043478261
diametro,SP,11,H,"2015-01-22
to
2015-03-01",0.0157894736842105
diametro,SP,11,H,"2015-03-01
to
2015-04-10",0.01
diametro,SP,11,H,"2015-04-10
to
2015-05-12",0.00937499999999999
diametro,SP,11,H,"2015-05-12
to
2015-06-08",0.00370370370370369
diametro,SP,11,H,"2015-06-08
to
2015-07-09",0.00645161290322581
diametro,SP,11,H,"2015-07-09
to
2015-08-24",0.0217391304347826
diametro,SP,11,I,"2015-01-22
to
2015-03-01",0.00789473684210526
diametro,SP,11,I,"2015-03-01
to
2015-04-10",0.0175
diametro,SP,11,I,"2015-04-10
to
2015-05-12",0.025
diametro,SP,11,I,"2015-05-12
to
2015-06-08",0
diametro,SP,11,I,"2015-06-08
to
2015-07-09",0.0129032258064516
diametro,SP,11,I,"2015-07-09
to
2015-08-24",0.0195652173913043
diametro,SP,11,J,"2015-01-22
to
2015-03-01",0.0157894736842105
diametro,SP,11,J,"2015-03-01
to
2015-04-10",0.0075
diametro,SP,11,J,"2015-04-10
to
2015-05-12",0.01875
diametro,SP,11,J,"2015-05-12
to
2015-06-08",0.00740740740740741
diametro,SP,11,J,"2015-06-08
to
2015-07-09",0.0129032258064516
diametro,SP,11,J,"2015-07-09
to
2015-08-24",0.0217391304347826
diametro,SP,12,A,"2015-01-22
to
2015-03-01",0
diametro,SP,12,A,"2015-03-01
to
2015-04-10",0.0125
diametro,SP,12,A,"2015-04-10
to
2015-05-12",0.015625
diametro,SP,12,A,"2015-05-12
to
2015-06-08",0.0148148148148148
diametro,SP,12,A,"2015-06-08
to
2015-07-09",0.0225806451612903
diametro,SP,12,A,"2015-07-09
to
2015-08-24",0.0282608695652174
diametro,SP,12,B,"2015-01-22
to
2015-03-01",0.00263157894736842
diametro,SP,12,B,"2015-03-01
to
2015-04-10",0.00750000000000001
diametro,SP,12,B,"2015-04-10
to
2015-05-12",0.0125
diametro,SP,12,B,"2015-05-12
to
2015-06-08",0.0185185185185185
diametro,SP,12,B,"2015-06-08
to
2015-07-09",0.0225806451612903
diametro,SP,12,B,"2015-07-09
to
2015-08-24",0.0282608695652174
diametro,SP,12,C,"2015-01-22
to
2015-03-01",0.00789473684210526
diametro,SP,12,C,"2015-03-01
to
2015-04-10",0.02
diametro,SP,12,C,"2015-04-10
to
2015-05-12",0.01875
diametro,SP,12,C,"2015-05-12
to
2015-06-08",0.0111111111111111
diametro,SP,12,C,"2015-06-08
to
2015-07-09",0.032258064516129
diametro,SP,12,C,"2015-07-09
to
2015-08-24",0
diametro,SP,12,D,"2015-01-22
to
2015-03-01",0.0105263157894737
diametro,SP,12,D,"2015-03-01
to
2015-04-10",0.0025
diametro,SP,12,D,"2015-04-10
to
2015-05-12",0.03125
diametro,SP,12,D,"2015-05-12
to
2015-06-08",0.0333333333333333
diametro,SP,12,D,"2015-06-08
to
2015-07-09",0.0387096774193548
diametro,SP,12,D,"2015-07-09
to
2015-08-24",0.0217391304347826
diametro,SP,13,A,"2015-01-22
to
2015-03-01",0.00789473684210527
diametro,SP,13,A,"2015-03-01
to
2015-04-10",0.0075
diametro,SP,13,A,"2015-04-10
to
2015-05-12",0.00625000000000001
diametro,SP,13,A,"2015-05-12
to
2015-06-08",0.0074074074074074
diametro,SP,13,A,"2015-06-08
to
2015-07-09",0.0193548387096774
diametro,SP,13,A,"2015-07-09
to
2015-08-24",0.0282608695652174
diametro,SP,13,B,"2015-01-22
to
2015-03-01",0.00789473684210526
diametro,SP,13,B,"2015-03-01
to
2015-04-10",0.005
diametro,SP,13,B,"2015-04-10
to
2015-05-12",0.0125
diametro,SP,13,B,"2015-05-12
to
2015-06-08",0.0074074074074074
diametro,SP,13,B,"2015-06-08
to
2015-07-09",0.0096774193548387
diametro,SP,13,B,"2015-07-09
to
2015-08-24",0.0304347826086957
diametro,SP,13,C,"2015-01-22
to
2015-03-01",0.00526315789473685
diametro,SP,13,C,"2015-03-01
to
2015-04-10",0.0075
diametro,SP,13,C,"2015-04-10
to
2015-05-12",0
diametro,SP,13,C,"2015-05-12
to
2015-06-08",0.00370370370370371
diametro,SP,13,C,"2015-06-08
to
2015-07-09",-0.00322580645161291
diametro,SP,13,C,"2015-07-09
to
2015-08-24",0.0130434782608696
diametro,SP,13,D,"2015-01-22
to
2015-03-01",0.0131578947368421
diametro,SP,13,D,"2015-03-01
to
2015-04-10",0.00750000000000001
diametro,SP,13,D,"2015-04-10
to
2015-05-12",0.034375
diametro,SP,13,D,"2015-05-12
to
2015-06-08",0.0111111111111111
diametro,SP,13,D,"2015-06-08
to
2015-07-09",0.0290322580645161
diametro,SP,13,D,"2015-07-09
to
2015-08-24",0.0282608695652174
diametro,SP,14,A,"2015-01-22
to
2015-03-01",0.0157894736842105
diametro,SP,14,A,"2015-03-01
to
2015-04-10",0.0075
diametro,SP,14,A,"2015-04-10
to
2015-05-12",0.01875
diametro,SP,14,A,"2015-05-12
to
2015-06-08",0.0259259259259259
diametro,SP,14,A,"2015-06-08
to
2015-07-09",0.0258064516129032
diametro,SP,14,A,"2015-07-09
to
2015-08-24",0.0173913043478261
diametro,SP,14,B,"2015-01-22
to
2015-03-01",0.00526315789473685
diametro,SP,14,B,"2015-03-01
to
2015-04-10",0
diametro,SP,14,B,"2015-04-10
to
2015-05-12",0.01875
diametro,SP,14,B,"2015-05-12
to
2015-06-08",0.0222222222222222
diametro,SP,14,B,"2015-06-08
to
2015-07-09",0.0419354838709677
diametro,SP,14,B,"2015-07-09
to
2015-08-24",0.0260869565217391
diametro,SP,14,C,"2015-01-22
to
2015-03-01",0.0105263157894737
diametro,SP,14,C,"2015-03-01
to
2015-04-10",0.0075
diametro,SP,14,C,"2015-04-10
to
2015-05-12",0.025
diametro,SP,14,C,"2015-05-12
to
2015-06-08",0.0185185185185185
diametro,SP,14,C,"2015-06-08
to
2015-07-09",0.0290322580645161
diametro,SP,14,C,"2015-07-09
to
2015-08-24",0.0217391304347826
diametro,SP,15,A,"2015-01-22
to
2015-03-01",0.0105263157894737
diametro,SP,15,A,"2015-03-01
to
2015-04-10",0.0125
diametro,SP,15,A,"2015-04-10
to
2015-05-12",0.00937500000000001
diametro,SP,15,A,"2015-05-12
to
2015-06-08",0.0222222222222222
diametro,SP,15,A,"2015-06-08
to
2015-07-09",0.0354838709677419
diametro,SP,15,A,"2015-07-09
to
2015-08-24",0.0369565217391304
diametro,SP,15,B,"2015-01-22
to
2015-03-01",0.0157894736842105
diametro,SP,15,B,"2015-03-01
to
2015-04-10",0.0125
diametro,SP,15,B,"2015-04-10
to
2015-05-12",0.021875
diametro,SP,15,B,"2015-05-12
to
2015-06-08",0.0259259259259259
diametro,SP,15,B,"2015-06-08
to
2015-07-09",0.0258064516129032
diametro,SP,15,B,"2015-07-09
to
2015-08-24",0.0173913043478261
diametro,SP,16,A,"2015-01-22
to
2015-03-01",0.0131578947368421
diametro,SP,16,A,"2015-03-01
to
2015-04-10",0.01
diametro,SP,16,A,"2015-04-10
to
2015-05-12",0.00312500000000002
diametro,SP,16,A,"2015-05-12
to
2015-06-08",0
diametro,SP,16,A,"2015-06-08
to
2015-07-09",0.00322580645161289
diametro,SP,16,A,"2015-07-09
to
2015-08-24",0.00652173913043478
diametro,SP,16,B,"2015-01-22
to
2015-03-01",0.0157894736842105
diametro,SP,16,B,"2015-03-01
to
2015-04-10",0.01
diametro,SP,16,B,"2015-04-10
to
2015-05-12",0.00624999999999999
diametro,SP,16,B,"2015-05-12
to
2015-06-08",0.0111111111111111
diametro,SP,16,B,"2015-06-08
to
2015-07-09",0.0258064516129032
diametro,SP,16,B,"2015-07-09
to
2015-08-24",0.0239130434782609
n_folhas,RJ,3,A,"2015-01-12
to
2015-01-22",0
n_folhas,RJ,3,A,"2015-01-22
to
2015-03-01",0
n_folhas,RJ,3,A,"2015-03-01
to
2015-04-10",0.1
n_folhas,RJ,3,A,"2015-04-10
to
2015-05-12",0.1875
n_folhas,RJ,3,A,"2015-05-12
to
2015-06-08",0.222222222222222
n_folhas,RJ,3,A,"2015-06-08
to
2015-07-09",0.0645161290322581
n_folhas,RJ,3,A,"2015-07-09
to
2015-08-24",0
n_folhas,RJ,3,B,"2015-01-12
to
2015-01-22",0
n_folhas,RJ,3,B,"2015-01-22
to
2015-03-01",0.0526315789473684
n_folhas,RJ,3,B,"2015-03-01
to
2015-04-10",0.1
n_folhas,RJ,3,B,"2015-04-10
to
2015-05-12",0.6875
n_folhas,RJ,3,B,"2015-05-12
to
2015-06-08",0.444444444444444
n_folhas,RJ,3,B,"2015-06-08
to
2015-07-09",0.580645161290323
n_folhas,RJ,3,B,"2015-07-09
to
2015-08-24",0.652173913043478
n_folhas,RJ,5,A,"2015-01-12
to
2015-01-22",0
n_folhas,RJ,5,A,"2015-01-22
to
2015-03-01",0
n_folhas,RJ,5,A,"2015-03-01
to
2015-04-10",0.15
n_folhas,RJ,5,A,"2015-04-10
to
2015-05-12",0.6875
n_folhas,RJ,5,A,"2015-05-12
to
2015-06-08",0.222222222222222
n_folhas,RJ,5,A,"2015-06-08
to
2015-07-09",0.451612903225806
n_folhas,RJ,5,A,"2015-07-09
to
2015-08-24",0
n_folhas,RJ,5,B,"2015-01-12
to
2015-01-22",0.2
n_folhas,RJ,5,B,"2015-01-22
to
2015-03-01",0
n_folhas,RJ,5,B,"2015-03-01
to
2015-04-10",0.175
n_folhas,RJ,5,B,"2015-04-10
to
2015-05-12",0.59375
n_folhas,RJ,5,B,"2015-05-12
to
2015-06-08",0
n_folhas,RJ,5,B,"2015-06-08
to
2015-07-09",0.451612903225806
n_folhas,RJ,5,B,"2015-07-09
to
2015-08-24",0
n_folhas,RJ,5,C,"2015-01-12
to
2015-01-22",0
n_folhas,RJ,5,C,"2015-01-22
to
2015-03-01",0.0526315789473684
n_folhas,RJ,5,C,"2015-03-01
to
2015-04-10",0.325
n_folhas,RJ,5,C,"2015-04-10
to
2015-05-12",0.5625
n_folhas,RJ,5,C,"2015-05-12
to
2015-06-08",0.222222222222222
n_folhas,RJ,5,C,"2015-06-08
to
2015-07-09",1.09677419354839
n_folhas,RJ,5,C,"2015-07-09
to
2015-08-24",0
n_folhas,RJ,7,A,"2015-01-12
to
2015-01-22",0
n_folhas,RJ,7,A,"2015-01-22
to
2015-03-01",0.0526315789473684
n_folhas,RJ,7,A,"2015-03-01
to
2015-04-10",0.25
n_folhas,RJ,7,A,"2015-04-10
to
2015-05-12",0.4375
n_folhas,RJ,7,A,"2015-05-12
to
2015-06-08",0.037037037037037
n_folhas,RJ,7,A,"2015-06-08
to
2015-07-09",0.161290322580645
n_folhas,RJ,7,A,"2015-07-09
to
2015-08-24",0
n_folhas,RJ,7,B,"2015-01-12
to
2015-01-22",0
n_folhas,RJ,7,B,"2015-01-22
to
2015-03-01",0
n_folhas,RJ,7,B,"2015-03-01
to
2015-04-10",0.1
n_folhas,RJ,7,B,"2015-04-10
to
2015-05-12",0.625
n_folhas,RJ,7,B,"2015-05-12
to
2015-06-08",0.962962962962963
n_folhas,RJ,7,B,"2015-06-08
to
2015-07-09",0.838709677419355
n_folhas,RJ,7,B,"2015-07-09
to
2015-08-24",0.826086956521739
n_folhas,RJ,7,C,"2015-01-12
to
2015-01-22",0
n_folhas,RJ,7,C,"2015-01-22
to
2015-03-01",0.0526315789473684
n_folhas,RJ,7,C,"2015-03-01
to
2015-04-10",0.1
n_folhas,RJ,7,C,"2015-04-10
to
2015-05-12",0.5625
n_folhas,RJ,7,C,"2015-05-12
to
2015-06-08",-0.037037037037037
n_folhas,RJ,7,C,"2015-06-08
to
2015-07-09",0.032258064516129
n_folhas,RJ,7,C,"2015-07-09
to
2015-08-24",0.0217391304347826
n_folhas,RJ,8,A,"2015-01-12
to
2015-01-22",0
n_folhas,RJ,8,A,"2015-01-22
to
2015-03-01",0
n_folhas,RJ,8,A,"2015-03-01
to
2015-04-10",0.05
n_folhas,RJ,8,A,"2015-04-10
to
2015-05-12",0.21875
n_folhas,RJ,8,A,"2015-05-12
to
2015-06-08",-0.0740740740740741
n_folhas,RJ,8,A,"2015-06-08
to
2015-07-09",0
n_folhas,RJ,8,A,"2015-07-09
to
2015-08-24",0
n_folhas,RJ,8,B,"2015-01-12
to
2015-01-22",0
n_folhas,RJ,8,B,"2015-01-22
to
2015-03-01",0.0526315789473684
n_folhas,RJ,8,B,"2015-03-01
to
2015-04-10",0.25
n_folhas,RJ,8,B,"2015-04-10
to
2015-05-12",0.25
n_folhas,RJ,8,B,"2015-05-12
to
2015-06-08",0.0740740740740741
n_folhas,RJ,8,B,"2015-06-08
to
2015-07-09",0
n_folhas,RJ,8,B,"2015-07-09
to
2015-08-24",0
n_folhas,RJ,8,C,"2015-01-12
to
2015-01-22",0
n_folhas,RJ,8,C,"2015-01-22
to
2015-03-01",0.0526315789473684
n_folhas,RJ,8,C,"2015-03-01
to
2015-04-10",0.25
n_folhas,RJ,8,C,"2015-04-10
to
2015-05-12",0.5
n_folhas,RJ,8,C,"2015-05-12
to
2015-06-08",0.740740740740741
n_folhas,RJ,8,C,"2015-06-08
to
2015-07-09",0.935483870967742
n_folhas,RJ,8,C,"2015-07-09
to
2015-08-24",1.15217391304348
n_folhas,RJ,9,A,"2015-01-12
to
2015-01-22",0
n_folhas,RJ,9,A,"2015-01-22
to
2015-03-01",0
n_folhas,RJ,9,A,"2015-03-01
to
2015-04-10",0.1
n_folhas,RJ,9,A,"2015-04-10
to
2015-05-12",0.1875
n_folhas,RJ,9,A,"2015-05-12
to
2015-06-08",0.296296296296296
n_folhas,RJ,9,A,"2015-06-08
to
2015-07-09",0.580645161290323
n_folhas,RJ,9,A,"2015-07-09
to
2015-08-24",0
n_folhas,RJ,9,B,"2015-01-12
to
2015-01-22",0
n_folhas,RJ,9,B,"2015-01-22
to
2015-03-01",0.0526315789473684
n_folhas,RJ,9,B,"2015-03-01
to
2015-04-10",0.05
n_folhas,RJ,9,B,"2015-04-10
to
2015-05-12",0.3125
n_folhas,RJ,9,B,"2015-05-12
to
2015-06-08",0.444444444444444
n_folhas,RJ,9,B,"2015-06-08
to
2015-07-09",0.483870967741935
n_folhas,RJ,9,B,"2015-07-09
to
2015-08-24",NA
n_folhas,RJ,9,C,"2015-01-12
to
2015-01-22",0
n_folhas,RJ,9,C,"2015-01-22
to
2015-03-01",0
n_folhas,RJ,9,C,"2015-03-01
to
2015-04-10",0.1
n_folhas,RJ,9,C,"2015-04-10
to
2015-05-12",0.25
n_folhas,RJ,9,C,"2015-05-12
to
2015-06-08",0.148148148148148
n_folhas,RJ,9,C,"2015-06-08
to
2015-07-09",0.0645161290322581
n_folhas,RJ,9,C,"2015-07-09
to
2015-08-24",NA
n_folhas,RJ,10,A,"2015-01-12
to
2015-01-22",0
n_folhas,RJ,10,A,"2015-01-22
to
2015-03-01",0.0526315789473684
n_folhas,RJ,10,A,"2015-03-01
to
2015-04-10",0.1
n_folhas,RJ,10,A,"2015-04-10
to
2015-05-12",0.6875
n_folhas,RJ,10,A,"2015-05-12
to
2015-06-08",0.814814814814815
n_folhas,RJ,10,A,"2015-06-08
to
2015-07-09",1.06451612903226
n_folhas,RJ,10,A,"2015-07-09
to
2015-08-24",1.45652173913043
n_folhas,RJ,10,B,"2015-01-12
to
2015-01-22",0
n_folhas,RJ,10,B,"2015-01-22
to
2015-03-01",0.0526315789473684
n_folhas,RJ,10,B,"2015-03-01
to
2015-04-10",0.1
n_folhas,RJ,10,B,"2015-04-10
to
2015-05-12",0.75
n_folhas,RJ,10,B,"2015-05-12
to
2015-06-08",1.03703703703704
n_folhas,RJ,10,B,"2015-06-08
to
2015-07-09",1.03225806451613
n_folhas,RJ,10,B,"2015-07-09
to
2015-08-24",1.1304347826087
n_folhas,RJ,10,C,"2015-01-12
to
2015-01-22",0
n_folhas,RJ,10,C,"2015-01-22
to
2015-03-01",0.0263157894736842
n_folhas,RJ,10,C,"2015-03-01
to
2015-04-10",0.35
n_folhas,RJ,10,C,"2015-04-10
to
2015-05-12",1
n_folhas,RJ,10,C,"2015-05-12
to
2015-06-08",1.11111111111111
n_folhas,RJ,10,C,"2015-06-08
to
2015-07-09",1.19354838709677
n_folhas,RJ,10,C,"2015-07-09
to
2015-08-24",1.34782608695652
n_folhas,RJ,11,A,"2015-01-12
to
2015-01-22",0
n_folhas,RJ,11,A,"2015-01-22
to
2015-03-01",0.105263157894737
n_folhas,RJ,11,A,"2015-03-01
to
2015-04-10",0.225
n_folhas,RJ,11,A,"2015-04-10
to
2015-05-12",0.4375
n_folhas,RJ,11,A,"2015-05-12
to
2015-06-08",0.851851851851852
n_folhas,RJ,11,A,"2015-06-08
to
2015-07-09",1.09677419354839
n_folhas,RJ,11,A,"2015-07-09
to
2015-08-24",0.652173913043478
n_folhas,RJ,11,B,"2015-01-12
to
2015-01-22",0
n_folhas,RJ,11,B,"2015-01-22
to
2015-03-01",0
n_folhas,RJ,11,B,"2015-03-01
to
2015-04-10",0.05
n_folhas,RJ,11,B,"2015-04-10
to
2015-05-12",0.125
n_folhas,RJ,11,B,"2015-05-12
to
2015-06-08",0.444444444444444
n_folhas,RJ,11,B,"2015-06-08
to
2015-07-09",1.09677419354839
n_folhas,RJ,11,B,"2015-07-09
to
2015-08-24",0.91304347826087
n_folhas,RJ,11,C,"2015-01-12
to
2015-01-22",0
n_folhas,RJ,11,C,"2015-01-22
to
2015-03-01",0.0526315789473684
n_folhas,RJ,11,C,"2015-03-01
to
2015-04-10",0.1
n_folhas,RJ,11,C,"2015-04-10
to
2015-05-12",0.4375
n_folhas,RJ,11,C,"2015-05-12
to
2015-06-08",1.25925925925926
n_folhas,RJ,11,C,"2015-06-08
to
2015-07-09",0.580645161290323
n_folhas,RJ,11,C,"2015-07-09
to
2015-08-24",1.04347826086957
n_folhas,RJ,11,D,"2015-01-12
to
2015-01-22",0
n_folhas,RJ,11,D,"2015-01-22
to
2015-03-01",0
n_folhas,RJ,11,D,"2015-03-01
to
2015-04-10",0.05
n_folhas,RJ,11,D,"2015-04-10
to
2015-05-12",0.5
n_folhas,RJ,11,D,"2015-05-12
to
2015-06-08",0.814814814814815
n_folhas,RJ,11,D,"2015-06-08
to
2015-07-09",0.741935483870968
n_folhas,RJ,11,D,"2015-07-09
to
2015-08-24",1.15217391304348
n_folhas,RJ,12,A,"2015-01-12
to
2015-01-22",0
n_folhas,RJ,12,A,"2015-01-22
to
2015-03-01",0
n_folhas,RJ,12,A,"2015-03-01
to
2015-04-10",0.1
n_folhas,RJ,12,A,"2015-04-10
to
2015-05-12",0.25
n_folhas,RJ,12,A,"2015-05-12
to
2015-06-08",0.444444444444444
n_folhas,RJ,12,A,"2015-06-08
to
2015-07-09",0.516129032258065
n_folhas,RJ,12,A,"2015-07-09
to
2015-08-24",0.695652173913043
n_folhas,RJ,12,B,"2015-01-12
to
2015-01-22",0
n_folhas,RJ,12,B,"2015-01-22
to
2015-03-01",0.0526315789473684
n_folhas,RJ,12,B,"2015-03-01
to
2015-04-10",0.15
n_folhas,RJ,12,B,"2015-04-10
to
2015-05-12",0.5625
n_folhas,RJ,12,B,"2015-05-12
to
2015-06-08",1.03703703703704
n_folhas,RJ,12,B,"2015-06-08
to
2015-07-09",0.709677419354839
n_folhas,RJ,12,B,"2015-07-09
to
2015-08-24",1
n_folhas,RJ,12,C,"2015-01-12
to
2015-01-22",0
n_folhas,RJ,12,C,"2015-01-22
to
2015-03-01",0.0526315789473684
n_folhas,RJ,12,C,"2015-03-01
to
2015-04-10",0.05
n_folhas,RJ,12,C,"2015-04-10
to
2015-05-12",0.375
n_folhas,RJ,12,C,"2015-05-12
to
2015-06-08",1.11111111111111
n_folhas,RJ,12,C,"2015-06-08
to
2015-07-09",0.580645161290323
n_folhas,RJ,12,C,"2015-07-09
to
2015-08-24",0.608695652173913
n_folhas,RJ,13,A,"2015-01-12
to
2015-01-22",0
n_folhas,RJ,13,A,"2015-01-22
to
2015-03-01",0
n_folhas,RJ,13,A,"2015-03-01
to
2015-04-10",0.05
n_folhas,RJ,13,A,"2015-04-10
to
2015-05-12",0
n_folhas,RJ,13,A,"2015-05-12
to
2015-06-08",0.0740740740740741
n_folhas,RJ,13,A,"2015-06-08
to
2015-07-09",0.0645161290322581
n_folhas,RJ,13,A,"2015-07-09
to
2015-08-24",0.0217391304347826
n_folhas,RJ,13,B,"2015-01-12
to
2015-01-22",0
n_folhas,RJ,13,B,"2015-01-22
to
2015-03-01",0.0526315789473684
n_folhas,RJ,13,B,"2015-03-01
to
2015-04-10",0.05
n_folhas,RJ,13,B,"2015-04-10
to
2015-05-12",0.4375
n_folhas,RJ,13,B,"2015-05-12
to
2015-06-08",0.37037037037037
n_folhas,RJ,13,B,"2015-06-08
to
2015-07-09",0.580645161290323
n_folhas,RJ,13,B,"2015-07-09
to
2015-08-24",0.608695652173913
n_folhas,RJ,13,C,"2015-01-12
to
2015-01-22",0
n_folhas,RJ,13,C,"2015-01-22
to
2015-03-01",0.0526315789473684
n_folhas,RJ,13,C,"2015-03-01
to
2015-04-10",0.1
n_folhas,RJ,13,C,"2015-04-10
to
2015-05-12",0.8125
n_folhas,RJ,13,C,"2015-05-12
to
2015-06-08",0.740740740740741
n_folhas,RJ,13,C,"2015-06-08
to
2015-07-09",0.774193548387097
n_folhas,RJ,13,C,"2015-07-09
to
2015-08-24",0.652173913043478
n_folhas,RJ,14,A,"2015-01-12
to
2015-01-22",0.2
n_folhas,RJ,14,A,"2015-01-22
to
2015-03-01",0
n_folhas,RJ,14,A,"2015-03-01
to
2015-04-10",0.05
n_folhas,RJ,14,A,"2015-04-10
to
2015-05-12",0.5
n_folhas,RJ,14,A,"2015-05-12
to
2015-06-08",0.444444444444444
n_folhas,RJ,14,A,"2015-06-08
to
2015-07-09",0.838709677419355
n_folhas,RJ,14,A,"2015-07-09
to
2015-08-24",1
n_folhas,RJ,14,B,"2015-01-12
to
2015-01-22",0
n_folhas,RJ,14,B,"2015-01-22
to
2015-03-01",0.0526315789473684
n_folhas,RJ,14,B,"2015-03-01
to
2015-04-10",0.05
n_folhas,RJ,14,B,"2015-04-10
to
2015-05-12",0.375
n_folhas,RJ,14,B,"2015-05-12
to
2015-06-08",0.962962962962963
n_folhas,RJ,14,B,"2015-06-08
to
2015-07-09",0.967741935483871
n_folhas,RJ,14,B,"2015-07-09
to
2015-08-24",0.521739130434783
n_folhas,RJ,14,C,"2015-01-12
to
2015-01-22",0
n_folhas,RJ,14,C,"2015-01-22
to
2015-03-01",0.0526315789473684
n_folhas,RJ,14,C,"2015-03-01
to
2015-04-10",0.35
n_folhas,RJ,14,C,"2015-04-10
to
2015-05-12",0.4375
n_folhas,RJ,14,C,"2015-05-12
to
2015-06-08",0.888888888888889
n_folhas,RJ,14,C,"2015-06-08
to
2015-07-09",0.838709677419355
n_folhas,RJ,14,C,"2015-07-09
to
2015-08-24",0.782608695652174
n_folhas,RJ,16,A,"2015-01-12
to
2015-01-22",0
n_folhas,RJ,16,A,"2015-01-22
to
2015-03-01",0.0526315789473684
n_folhas,RJ,16,A,"2015-03-01
to
2015-04-10",0.15
n_folhas,RJ,16,A,"2015-04-10
to
2015-05-12",0.6875
n_folhas,RJ,16,A,"2015-05-12
to
2015-06-08",0.851851851851852
n_folhas,RJ,16,A,"2015-06-08
to
2015-07-09",0.451612903225806
n_folhas,RJ,16,A,"2015-07-09
to
2015-08-24",1.06521739130435
n_folhas,RJ,16,B,"2015-01-12
to
2015-01-22",0
n_folhas,RJ,16,B,"2015-01-22
to
2015-03-01",0
n_folhas,RJ,16,B,"2015-03-01
to
2015-04-10",0.1
n_folhas,RJ,16,B,"2015-04-10
to
2015-05-12",0.6875
n_folhas,RJ,16,B,"2015-05-12
to
2015-06-08",1.11111111111111
n_folhas,RJ,16,B,"2015-06-08
to
2015-07-09",1.09677419354839
n_folhas,RJ,16,B,"2015-07-09
to
2015-08-24",1.43478260869565
n_folhas,RJ,16,C,"2015-01-12
to
2015-01-22",0
n_folhas,RJ,16,C,"2015-01-22
to
2015-03-01",0.0526315789473684
n_folhas,RJ,16,C,"2015-03-01
to
2015-04-10",0.05
n_folhas,RJ,16,C,"2015-04-10
to
2015-05-12",-0.0625
n_folhas,RJ,16,C,"2015-05-12
to
2015-06-08",NA
n_folhas,RJ,16,C,"2015-06-08
to
2015-07-09",NA
n_folhas,RJ,16,C,"2015-07-09
to
2015-08-24",NA
n_folhas,RJ,18,A,"2015-01-12
to
2015-01-22",0.2
n_folhas,RJ,18,A,"2015-01-22
to
2015-03-01",0
n_folhas,RJ,18,A,"2015-03-01
to
2015-04-10",0.3
n_folhas,RJ,18,A,"2015-04-10
to
2015-05-12",0.1875
n_folhas,RJ,18,A,"2015-05-12
to
2015-06-08",1.48148148148148
n_folhas,RJ,18,A,"2015-06-08
to
2015-07-09",0.709677419354839
n_folhas,RJ,18,A,"2015-07-09
to
2015-08-24",1.47826086956522
n_folhas,RJ,18,B,"2015-01-12
to
2015-01-22",0
n_folhas,RJ,18,B,"2015-01-22
to
2015-03-01",0
n_folhas,RJ,18,B,"2015-03-01
to
2015-04-10",0.05
n_folhas,RJ,18,B,"2015-04-10
to
2015-05-12",0.1875
n_folhas,RJ,18,B,"2015-05-12
to
2015-06-08",0.592592592592593
n_folhas,RJ,18,B,"2015-06-08
to
2015-07-09",1.16129032258065
n_folhas,RJ,18,B,"2015-07-09
to
2015-08-24",0.739130434782609
n_folhas,RJ,18,C,"2015-01-12
to
2015-01-22",0
n_folhas,RJ,18,C,"2015-01-22
to
2015-03-01",0.0526315789473684
n_folhas,RJ,18,C,"2015-03-01
to
2015-04-10",0.05
n_folhas,RJ,18,C,"2015-04-10
to
2015-05-12",0.5
n_folhas,RJ,18,C,"2015-05-12
to
2015-06-08",0.666666666666667
n_folhas,RJ,18,C,"2015-06-08
to
2015-07-09",0.903225806451613
n_folhas,RJ,18,C,"2015-07-09
to
2015-08-24",0.91304347826087
n_folhas,RJ,19,A,"2015-01-12
to
2015-01-22",0
n_folhas,RJ,19,A,"2015-01-22
to
2015-03-01",0.0526315789473684
n_folhas,RJ,19,A,"2015-03-01
to
2015-04-10",0.175
n_folhas,RJ,19,A,"2015-04-10
to
2015-05-12",0.46875
n_folhas,RJ,19,A,"2015-05-12
to
2015-06-08",0.444444444444444
n_folhas,RJ,19,A,"2015-06-08
to
2015-07-09",1.32258064516129
n_folhas,RJ,19,A,"2015-07-09
to
2015-08-24",0.695652173913043
n_folhas,RJ,19,B,"2015-01-12
to
2015-01-22",0
n_folhas,RJ,19,B,"2015-01-22
to
2015-03-01",0.0526315789473684
n_folhas,RJ,19,B,"2015-03-01
to
2015-04-10",0.2
n_folhas,RJ,19,B,"2015-04-10
to
2015-05-12",0.53125
n_folhas,RJ,19,B,"2015-05-12
to
2015-06-08",0.925925925925926
n_folhas,RJ,19,B,"2015-06-08
to
2015-07-09",0.548387096774194
n_folhas,RJ,19,B,"2015-07-09
to
2015-08-24",0.847826086956522
n_folhas,RJ,20,A,"2015-01-12
to
2015-01-22",0.2
n_folhas,RJ,20,A,"2015-01-22
to
2015-03-01",0
n_folhas,RJ,20,A,"2015-03-01
to
2015-04-10",0.1
n_folhas,RJ,20,A,"2015-04-10
to
2015-05-12",0.53125
n_folhas,RJ,20,A,"2015-05-12
to
2015-06-08",0.555555555555556
n_folhas,RJ,20,A,"2015-06-08
to
2015-07-09",0.774193548387097
n_folhas,RJ,20,A,"2015-07-09
to
2015-08-24",0.565217391304348
n_folhas,RJ,20,B,"2015-01-12
to
2015-01-22",0
n_folhas,RJ,20,B,"2015-01-22
to
2015-03-01",0.0526315789473684
n_folhas,RJ,20,B,"2015-03-01
to
2015-04-10",0.15
n_folhas,RJ,20,B,"2015-04-10
to
2015-05-12",0.75
n_folhas,RJ,20,B,"2015-05-12
to
2015-06-08",0.444444444444444
n_folhas,RJ,20,B,"2015-06-08
to
2015-07-09",0.129032258064516
n_folhas,RJ,20,B,"2015-07-09
to
2015-08-24",NA
n_folhas,RJ,20,C,"2015-01-12
to
2015-01-22",0.2
n_folhas,RJ,20,C,"2015-01-22
to
2015-03-01",0
n_folhas,RJ,20,C,"2015-03-01
to
2015-04-10",0.1
n_folhas,RJ,20,C,"2015-04-10
to
2015-05-12",0.84375
n_folhas,RJ,20,C,"2015-05-12
to
2015-06-08",1
n_folhas,RJ,20,C,"2015-06-08
to
2015-07-09",1.16129032258065
n_folhas,RJ,20,C,"2015-07-09
to
2015-08-24",0.869565217391304
n_folhas,RJ,21,A,"2015-01-12
to
2015-01-22",0
n_folhas,RJ,21,A,"2015-01-22
to
2015-03-01",0.0526315789473684
n_folhas,RJ,21,A,"2015-03-01
to
2015-04-10",0.05
n_folhas,RJ,21,A,"2015-04-10
to
2015-05-12",0.8125
n_folhas,RJ,21,A,"2015-05-12
to
2015-06-08",0.962962962962963
n_folhas,RJ,21,A,"2015-06-08
to
2015-07-09",0.903225806451613
n_folhas,RJ,21,A,"2015-07-09
to
2015-08-24",1.08695652173913
n_folhas,RJ,21,B,"2015-01-12
to
2015-01-22",0
n_folhas,RJ,21,B,"2015-01-22
to
2015-03-01",0.0526315789473684
n_folhas,RJ,21,B,"2015-03-01
to
2015-04-10",0.15
n_folhas,RJ,21,B,"2015-04-10
to
2015-05-12",0.4375
n_folhas,RJ,21,B,"2015-05-12
to
2015-06-08",0.703703703703704
n_folhas,RJ,21,B,"2015-06-08
to
2015-07-09",0.935483870967742
n_folhas,RJ,21,B,"2015-07-09
to
2015-08-24",1.30434782608696
n_folhas,RJ,21,C,"2015-01-12
to
2015-01-22",0
n_folhas,RJ,21,C,"2015-01-22
to
2015-03-01",0.0263157894736842
n_folhas,RJ,21,C,"2015-03-01
to
2015-04-10",0.125
n_folhas,RJ,21,C,"2015-04-10
to
2015-05-12",0.34375
n_folhas,RJ,21,C,"2015-05-12
to
2015-06-08",0.333333333333333
n_folhas,RJ,21,C,"2015-06-08
to
2015-07-09",1.03225806451613
n_folhas,RJ,21,C,"2015-07-09
to
2015-08-24",1
n_folhas,SP,1,A,"2015-01-12
to
2015-01-22",0.2
n_folhas,SP,1,A,"2015-01-22
to
2015-03-01",0.0526315789473684
n_folhas,SP,1,A,"2015-03-01
to
2015-04-10",0.075
n_folhas,SP,1,A,"2015-04-10
to
2015-05-12",0.28125
n_folhas,SP,1,A,"2015-05-12
to
2015-06-08",0.37037037037037
n_folhas,SP,1,A,"2015-06-08
to
2015-07-09",0.870967741935484
n_folhas,SP,1,A,"2015-07-09
to
2015-08-24",1.19565217391304
n_folhas,SP,2,A,"2015-01-12
to
2015-01-22",NA
n_folhas,SP,2,A,"2015-01-22
to
2015-03-01",NA
n_folhas,SP,2,A,"2015-03-01
to
2015-04-10",NA
n_folhas,SP,2,A,"2015-04-10
to
2015-05-12",NA
n_folhas,SP,2,A,"2015-05-12
to
2015-06-08",NA
n_folhas,SP,2,A,"2015-06-08
to
2015-07-09",NA
n_folhas,SP,2,A,"2015-07-09
to
2015-08-24",NA
n_folhas,SP,3,A,"2015-01-12
to
2015-01-22",0.2
n_folhas,SP,3,A,"2015-01-22
to
2015-03-01",NA
n_folhas,SP,3,A,"2015-03-01
to
2015-04-10",NA
n_folhas,SP,3,A,"2015-04-10
to
2015-05-12",NA
n_folhas,SP,3,A,"2015-05-12
to
2015-06-08",NA
n_folhas,SP,3,A,"2015-06-08
to
2015-07-09",NA
n_folhas,SP,3,A,"2015-07-09
to
2015-08-24",NA
n_folhas,SP,3,B,"2015-01-12
to
2015-01-22",0
n_folhas,SP,3,B,"2015-01-22
to
2015-03-01",0
n_folhas,SP,3,B,"2015-03-01
to
2015-04-10",0.2
n_folhas,SP,3,B,"2015-04-10
to
2015-05-12",0.875
n_folhas,SP,3,B,"2015-05-12
to
2015-06-08",1.33333333333333
n_folhas,SP,3,B,"2015-06-08
to
2015-07-09",1.2258064516129
n_folhas,SP,3,B,"2015-07-09
to
2015-08-24",1.52173913043478
n_folhas,SP,4,A,"2015-01-12
to
2015-01-22",0
n_folhas,SP,4,A,"2015-01-22
to
2015-03-01",0.0526315789473684
n_folhas,SP,4,A,"2015-03-01
to
2015-04-10",0.25
n_folhas,SP,4,A,"2015-04-10
to
2015-05-12",0.21875
n_folhas,SP,4,A,"2015-05-12
to
2015-06-08",0.518518518518518
n_folhas,SP,4,A,"2015-06-08
to
2015-07-09",0.645161290322581
n_folhas,SP,4,A,"2015-07-09
to
2015-08-24",1.19565217391304
n_folhas,SP,4,B,"2015-01-12
to
2015-01-22",0
n_folhas,SP,4,B,"2015-01-22
to
2015-03-01",0.0526315789473684
n_folhas,SP,4,B,"2015-03-01
to
2015-04-10",0.15
n_folhas,SP,4,B,"2015-04-10
to
2015-05-12",0.625
n_folhas,SP,4,B,"2015-05-12
to
2015-06-08",0.666666666666667
n_folhas,SP,4,B,"2015-06-08
to
2015-07-09",0.645161290322581
n_folhas,SP,4,B,"2015-07-09
to
2015-08-24",0.956521739130435
n_folhas,SP,5,A,"2015-01-12
to
2015-01-22",0.2
n_folhas,SP,5,A,"2015-01-22
to
2015-03-01",0
n_folhas,SP,5,A,"2015-03-01
to
2015-04-10",0.1
n_folhas,SP,5,A,"2015-04-10
to
2015-05-12",0.625
n_folhas,SP,5,A,"2015-05-12
to
2015-06-08",0.888888888888889
n_folhas,SP,5,A,"2015-06-08
to
2015-07-09",0.838709677419355
n_folhas,SP,5,A,"2015-07-09
to
2015-08-24",1.26086956521739
n_folhas,SP,5,B,"2015-01-12
to
2015-01-22",0.2
n_folhas,SP,5,B,"2015-01-22
to
2015-03-01",0
n_folhas,SP,5,B,"2015-03-01
to
2015-04-10",0.05
n_folhas,SP,5,B,"2015-04-10
to
2015-05-12",0.3125
n_folhas,SP,5,B,"2015-05-12
to
2015-06-08",0.777777777777778
n_folhas,SP,5,B,"2015-06-08
to
2015-07-09",0.580645161290323
n_folhas,SP,5,B,"2015-07-09
to
2015-08-24",0.934782608695652
n_folhas,SP,5,C,"2015-01-12
to
2015-01-22",0.2
n_folhas,SP,5,C,"2015-01-22
to
2015-03-01",0.0526315789473684
n_folhas,SP,5,C,"2015-03-01
to
2015-04-10",0.1
n_folhas,SP,5,C,"2015-04-10
to
2015-05-12",0.9375
n_folhas,SP,5,C,"2015-05-12
to
2015-06-08",0.888888888888889
n_folhas,SP,5,C,"2015-06-08
to
2015-07-09",0.709677419354839
n_folhas,SP,5,C,"2015-07-09
to
2015-08-24",1.1304347826087
n_folhas,SP,6,A,"2015-01-12
to
2015-01-22",0
n_folhas,SP,6,A,"2015-01-22
to
2015-03-01",0.0526315789473684
n_folhas,SP,6,A,"2015-03-01
to
2015-04-10",0.2
n_folhas,SP,6,A,"2015-04-10
to
2015-05-12",0.3125
n_folhas,SP,6,A,"2015-05-12
to
2015-06-08",0.296296296296296
n_folhas,SP,6,A,"2015-06-08
to
2015-07-09",0.580645161290323
n_folhas,SP,6,A,"2015-07-09
to
2015-08-24",0.695652173913043
n_folhas,SP,6,B,"2015-01-12
to
2015-01-22",0.2
n_folhas,SP,6,B,"2015-01-22
to
2015-03-01",0
n_folhas,SP,6,B,"2015-03-01
to
2015-04-10",0.125
n_folhas,SP,6,B,"2015-04-10
to
2015-05-12",0.46875
n_folhas,SP,6,B,"2015-05-12
to
2015-06-08",0.666666666666667
n_folhas,SP,6,B,"2015-06-08
to
2015-07-09",0.516129032258065
n_folhas,SP,6,B,"2015-07-09
to
2015-08-24",0.869565217391304
n_folhas,SP,7,A,"2015-01-12
to
2015-01-22",NA
n_folhas,SP,7,A,"2015-01-22
to
2015-03-01",0.0526315789473684
n_folhas,SP,7,A,"2015-03-01
to
2015-04-10",0.15
n_folhas,SP,7,A,"2015-04-10
to
2015-05-12",0.75
n_folhas,SP,7,A,"2015-05-12
to
2015-06-08",1.22222222222222
n_folhas,SP,7,A,"2015-06-08
to
2015-07-09",0.548387096774194
n_folhas,SP,7,A,"2015-07-09
to
2015-08-24",1.1304347826087
n_folhas,SP,7,B,"2015-01-12
to
2015-01-22",NA
n_folhas,SP,7,B,"2015-01-22
to
2015-03-01",0
n_folhas,SP,7,B,"2015-03-01
to
2015-04-10",0.1
n_folhas,SP,7,B,"2015-04-10
to
2015-05-12",0.59375
n_folhas,SP,7,B,"2015-05-12
to
2015-06-08",0.740740740740741
n_folhas,SP,7,B,"2015-06-08
to
2015-07-09",0.580645161290323
n_folhas,SP,7,B,"2015-07-09
to
2015-08-24",0.978260869565217
n_folhas,SP,9,A,"2015-01-12
to
2015-01-22",0.2
n_folhas,SP,9,A,"2015-01-22
to
2015-03-01",0.0526315789473684
n_folhas,SP,9,A,"2015-03-01
to
2015-04-10",0.3
n_folhas,SP,9,A,"2015-04-10
to
2015-05-12",0.9375
n_folhas,SP,9,A,"2015-05-12
to
2015-06-08",0.666666666666667
n_folhas,SP,9,A,"2015-06-08
to
2015-07-09",1.03225806451613
n_folhas,SP,9,A,"2015-07-09
to
2015-08-24",1.1304347826087
n_folhas,SP,9,B,"2015-01-12
to
2015-01-22",0
n_folhas,SP,9,B,"2015-01-22
to
2015-03-01",0.0526315789473684
n_folhas,SP,9,B,"2015-03-01
to
2015-04-10",0.25
n_folhas,SP,9,B,"2015-04-10
to
2015-05-12",0.8125
n_folhas,SP,9,B,"2015-05-12
to
2015-06-08",1.03703703703704
n_folhas,SP,9,B,"2015-06-08
to
2015-07-09",0.709677419354839
n_folhas,SP,9,B,"2015-07-09
to
2015-08-24",0.91304347826087
n_folhas,SP,9,C,"2015-01-12
to
2015-01-22",0
n_folhas,SP,9,C,"2015-01-22
to
2015-03-01",0.0789473684210526
n_folhas,SP,9,C,"2015-03-01
to
2015-04-10",0.2
n_folhas,SP,9,C,"2015-04-10
to
2015-05-12",0.21875
n_folhas,SP,9,C,"2015-05-12
to
2015-06-08",0.962962962962963
n_folhas,SP,9,C,"2015-06-08
to
2015-07-09",0.516129032258065
n_folhas,SP,9,C,"2015-07-09
to
2015-08-24",0.956521739130435
n_folhas,SP,9,D,"2015-01-12
to
2015-01-22",0
n_folhas,SP,9,D,"2015-01-22
to
2015-03-01",0.0526315789473684
n_folhas,SP,9,D,"2015-03-01
to
2015-04-10",0.325
n_folhas,SP,9,D,"2015-04-10
to
2015-05-12",0.8125
n_folhas,SP,9,D,"2015-05-12
to
2015-06-08",0.592592592592593
n_folhas,SP,9,D,"2015-06-08
to
2015-07-09",0.838709677419355
n_folhas,SP,9,D,"2015-07-09
to
2015-08-24",1.02173913043478
n_folhas,SP,9,E,"2015-01-12
to
2015-01-22",0.1
n_folhas,SP,9,E,"2015-01-22
to
2015-03-01",0.0526315789473684
n_folhas,SP,9,E,"2015-03-01
to
2015-04-10",0.225
n_folhas,SP,9,E,"2015-04-10
to
2015-05-12",0.84375
n_folhas,SP,9,E,"2015-05-12
to
2015-06-08",0.62962962962963
n_folhas,SP,9,E,"2015-06-08
to
2015-07-09",0.483870967741935
n_folhas,SP,9,E,"2015-07-09
to
2015-08-24",1
n_folhas,SP,10,A,"2015-01-12
to
2015-01-22",0
n_folhas,SP,10,A,"2015-01-22
to
2015-03-01",0.0526315789473684
n_folhas,SP,10,A,"2015-03-01
to
2015-04-10",0.2
n_folhas,SP,10,A,"2015-04-10
to
2015-05-12",0.25
n_folhas,SP,10,A,"2015-05-12
to
2015-06-08",0.962962962962963
n_folhas,SP,10,A,"2015-06-08
to
2015-07-09",0.903225806451613
n_folhas,SP,10,A,"2015-07-09
to
2015-08-24",1.17391304347826
n_folhas,SP,11,A,"2015-01-12
to
2015-01-22",0
n_folhas,SP,11,A,"2015-01-22
to
2015-03-01",0.0526315789473684
n_folhas,SP,11,A,"2015-03-01
to
2015-04-10",0.275
n_folhas,SP,11,A,"2015-04-10
to
2015-05-12",0.34375
n_folhas,SP,11,A,"2015-05-12
to
2015-06-08",-0.0740740740740741
n_folhas,SP,11,A,"2015-06-08
to
2015-07-09",-0.0645161290322581
n_folhas,SP,11,A,"2015-07-09
to
2015-08-24",0.0434782608695652
n_folhas,SP,11,B,"2015-01-12
to
2015-01-22",0.2
n_folhas,SP,11,B,"2015-01-22
to
2015-03-01",0.0526315789473684
n_folhas,SP,11,B,"2015-03-01
to
2015-04-10",0.1
n_folhas,SP,11,B,"2015-04-10
to
2015-05-12",0.5625
n_folhas,SP,11,B,"2015-05-12
to
2015-06-08",0.518518518518518
n_folhas,SP,11,B,"2015-06-08
to
2015-07-09",0.129032258064516
n_folhas,SP,11,B,"2015-07-09
to
2015-08-24",0.478260869565217
n_folhas,SP,11,C,"2015-01-12
to
2015-01-22",0.2
n_folhas,SP,11,C,"2015-01-22
to
2015-03-01",0.0526315789473684
n_folhas,SP,11,C,"2015-03-01
to
2015-04-10",0.25
n_folhas,SP,11,C,"2015-04-10
to
2015-05-12",0.8125
n_folhas,SP,11,C,"2015-05-12
to
2015-06-08",1
n_folhas,SP,11,C,"2015-06-08
to
2015-07-09",0.612903225806452
n_folhas,SP,11,C,"2015-07-09
to
2015-08-24",1.04347826086957
n_folhas,SP,11,D,"2015-01-12
to
2015-01-22",0
n_folhas,SP,11,D,"2015-01-22
to
2015-03-01",0.0526315789473684
n_folhas,SP,11,D,"2015-03-01
to
2015-04-10",0.1
n_folhas,SP,11,D,"2015-04-10
to
2015-05-12",0.125
n_folhas,SP,11,D,"2015-05-12
to
2015-06-08",0.222222222222222
n_folhas,SP,11,D,"2015-06-08
to
2015-07-09",0.645161290322581
n_folhas,SP,11,D,"2015-07-09
to
2015-08-24",0.695652173913043
n_folhas,SP,11,E,"2015-01-12
to
2015-01-22",0
n_folhas,SP,11,E,"2015-01-22
to
2015-03-01",0
n_folhas,SP,11,E,"2015-03-01
to
2015-04-10",0.2
n_folhas,SP,11,E,"2015-04-10
to
2015-05-12",0.5
n_folhas,SP,11,E,"2015-05-12
to
2015-06-08",0.814814814814815
n_folhas,SP,11,E,"2015-06-08
to
2015-07-09",0.838709677419355
n_folhas,SP,11,E,"2015-07-09
to
2015-08-24",0.826086956521739
n_folhas,SP,11,F,"2015-01-12
to
2015-01-22",0
n_folhas,SP,11,F,"2015-01-22
to
2015-03-01",0.210526315789474
n_folhas,SP,11,F,"2015-03-01
to
2015-04-10",0.2
n_folhas,SP,11,F,"2015-04-10
to
2015-05-12",0.5
n_folhas,SP,11,F,"2015-05-12
to
2015-06-08",0.222222222222222
n_folhas,SP,11,F,"2015-06-08
to
2015-07-09",0.161290322580645
n_folhas,SP,11,F,"2015-07-09
to
2015-08-24",0.478260869565217
n_folhas,SP,11,G,"2015-01-12
to
2015-01-22",0
n_folhas,SP,11,G,"2015-01-22
to
2015-03-01",0.0526315789473684
n_folhas,SP,11,G,"2015-03-01
to
2015-04-10",0.2
n_folhas,SP,11,G,"2015-04-10
to
2015-05-12",0.5
n_folhas,SP,11,G,"2015-05-12
to
2015-06-08",0.185185185185185
n_folhas,SP,11,G,"2015-06-08
to
2015-07-09",0.258064516129032
n_folhas,SP,11,G,"2015-07-09
to
2015-08-24",0.282608695652174
n_folhas,SP,11,H,"2015-01-12
to
2015-01-22",0
n_folhas,SP,11,H,"2015-01-22
to
2015-03-01",0.0526315789473684
n_folhas,SP,11,H,"2015-03-01
to
2015-04-10",0.25
n_folhas,SP,11,H,"2015-04-10
to
2015-05-12",0.4375
n_folhas,SP,11,H,"2015-05-12
to
2015-06-08",0.444444444444444
n_folhas,SP,11,H,"2015-06-08
to
2015-07-09",0.516129032258065
n_folhas,SP,11,H,"2015-07-09
to
2015-08-24",0.826086956521739
n_folhas,SP,11,I,"2015-01-12
to
2015-01-22",0
n_folhas,SP,11,I,"2015-01-22
to
2015-03-01",0.105263157894737
n_folhas,SP,11,I,"2015-03-01
to
2015-04-10",0.45
n_folhas,SP,11,I,"2015-04-10
to
2015-05-12",0.75
n_folhas,SP,11,I,"2015-05-12
to
2015-06-08",0
n_folhas,SP,11,I,"2015-06-08
to
2015-07-09",0.387096774193548
n_folhas,SP,11,I,"2015-07-09
to
2015-08-24",0.695652173913043
n_folhas,SP,11,J,"2015-01-12
to
2015-01-22",0
n_folhas,SP,11,J,"2015-01-22
to
2015-03-01",0
n_folhas,SP,11,J,"2015-03-01
to
2015-04-10",0.4
n_folhas,SP,11,J,"2015-04-10
to
2015-05-12",0.0625
n_folhas,SP,11,J,"2015-05-12
to
2015-06-08",0.111111111111111
n_folhas,SP,11,J,"2015-06-08
to
2015-07-09",0.258064516129032
n_folhas,SP,11,J,"2015-07-09
to
2015-08-24",0.804347826086957
n_folhas,SP,12,A,"2015-01-12
to
2015-01-22",0.2
n_folhas,SP,12,A,"2015-01-22
to
2015-03-01",0.0526315789473684
n_folhas,SP,12,A,"2015-03-01
to
2015-04-10",0.25
n_folhas,SP,12,A,"2015-04-10
to
2015-05-12",0.75
n_folhas,SP,12,A,"2015-05-12
to
2015-06-08",0.962962962962963
n_folhas,SP,12,A,"2015-06-08
to
2015-07-09",0.838709677419355
n_folhas,SP,12,A,"2015-07-09
to
2015-08-24",1.39130434782609
n_folhas,SP,12,B,"2015-01-12
to
2015-01-22",0.2
n_folhas,SP,12,B,"2015-01-22
to
2015-03-01",0.0526315789473684
n_folhas,SP,12,B,"2015-03-01
to
2015-04-10",0.1
n_folhas,SP,12,B,"2015-04-10
to
2015-05-12",0.4375
n_folhas,SP,12,B,"2015-05-12
to
2015-06-08",0.925925925925926
n_folhas,SP,12,B,"2015-06-08
to
2015-07-09",0.548387096774194
n_folhas,SP,12,B,"2015-07-09
to
2015-08-24",0.91304347826087
n_folhas,SP,12,C,"2015-01-12
to
2015-01-22",0.2
n_folhas,SP,12,C,"2015-01-22
to
2015-03-01",0.0526315789473684
n_folhas,SP,12,C,"2015-03-01
to
2015-04-10",0.35
n_folhas,SP,12,C,"2015-04-10
to
2015-05-12",0.78125
n_folhas,SP,12,C,"2015-05-12
to
2015-06-08",1.14814814814815
n_folhas,SP,12,C,"2015-06-08
to
2015-07-09",0.516129032258065
n_folhas,SP,12,C,"2015-07-09
to
2015-08-24",0.521739130434783
n_folhas,SP,12,D,"2015-01-12
to
2015-01-22",0
n_folhas,SP,12,D,"2015-01-22
to
2015-03-01",0.0526315789473684
n_folhas,SP,12,D,"2015-03-01
to
2015-04-10",0.55
n_folhas,SP,12,D,"2015-04-10
to
2015-05-12",1.0625
n_folhas,SP,12,D,"2015-05-12
to
2015-06-08",0.740740740740741
n_folhas,SP,12,D,"2015-06-08
to
2015-07-09",1.54838709677419
n_folhas,SP,12,D,"2015-07-09
to
2015-08-24",1.21739130434783
n_folhas,SP,13,A,"2015-01-12
to
2015-01-22",0.2
n_folhas,SP,13,A,"2015-01-22
to
2015-03-01",0
n_folhas,SP,13,A,"2015-03-01
to
2015-04-10",0.05
n_folhas,SP,13,A,"2015-04-10
to
2015-05-12",0.375
n_folhas,SP,13,A,"2015-05-12
to
2015-06-08",0.296296296296296
n_folhas,SP,13,A,"2015-06-08
to
2015-07-09",0.32258064516129
n_folhas,SP,13,A,"2015-07-09
to
2015-08-24",0.782608695652174
n_folhas,SP,13,B,"2015-01-12
to
2015-01-22",0.2
n_folhas,SP,13,B,"2015-01-22
to
2015-03-01",0
n_folhas,SP,13,B,"2015-03-01
to
2015-04-10",0.05
n_folhas,SP,13,B,"2015-04-10
to
2015-05-12",0.375
n_folhas,SP,13,B,"2015-05-12
to
2015-06-08",0.814814814814815
n_folhas,SP,13,B,"2015-06-08
to
2015-07-09",0.709677419354839
n_folhas,SP,13,B,"2015-07-09
to
2015-08-24",0.956521739130435
n_folhas,SP,13,C,"2015-01-12
to
2015-01-22",0
n_folhas,SP,13,C,"2015-01-22
to
2015-03-01",0
n_folhas,SP,13,C,"2015-03-01
to
2015-04-10",0.05
n_folhas,SP,13,C,"2015-04-10
to
2015-05-12",0.03125
n_folhas,SP,13,C,"2015-05-12
to
2015-06-08",0
n_folhas,SP,13,C,"2015-06-08
to
2015-07-09",0.387096774193548
n_folhas,SP,13,C,"2015-07-09
to
2015-08-24",0.391304347826087
n_folhas,SP,13,D,"2015-01-12
to
2015-01-22",0.1
n_folhas,SP,13,D,"2015-01-22
to
2015-03-01",0
n_folhas,SP,13,D,"2015-03-01
to
2015-04-10",0.15
n_folhas,SP,13,D,"2015-04-10
to
2015-05-12",0.40625
n_folhas,SP,13,D,"2015-05-12
to
2015-06-08",0.740740740740741
n_folhas,SP,13,D,"2015-06-08
to
2015-07-09",0.516129032258065
n_folhas,SP,13,D,"2015-07-09
to
2015-08-24",0.673913043478261
n_folhas,SP,14,A,"2015-01-12
to
2015-01-22",0
n_folhas,SP,14,A,"2015-01-22
to
2015-03-01",0.0526315789473684
n_folhas,SP,14,A,"2015-03-01
to
2015-04-10",0.25
n_folhas,SP,14,A,"2015-04-10
to
2015-05-12",0.5625
n_folhas,SP,14,A,"2015-05-12
to
2015-06-08",1.03703703703704
n_folhas,SP,14,A,"2015-06-08
to
2015-07-09",0.516129032258065
n_folhas,SP,14,A,"2015-07-09
to
2015-08-24",0.91304347826087
n_folhas,SP,14,B,"2015-01-12
to
2015-01-22",0
n_folhas,SP,14,B,"2015-01-22
to
2015-03-01",0.0526315789473684
n_folhas,SP,14,B,"2015-03-01
to
2015-04-10",0.05
n_folhas,SP,14,B,"2015-04-10
to
2015-05-12",0.5625
n_folhas,SP,14,B,"2015-05-12
to
2015-06-08",0.814814814814815
n_folhas,SP,14,B,"2015-06-08
to
2015-07-09",0.483870967741935
n_folhas,SP,14,B,"2015-07-09
to
2015-08-24",0.934782608695652
n_folhas,SP,14,C,"2015-01-12
to
2015-01-22",0
n_folhas,SP,14,C,"2015-01-22
to
2015-03-01",0.0526315789473684
n_folhas,SP,14,C,"2015-03-01
to
2015-04-10",0.125
n_folhas,SP,14,C,"2015-04-10
to
2015-05-12",0.75
n_folhas,SP,14,C,"2015-05-12
to
2015-06-08",1.07407407407407
n_folhas,SP,14,C,"2015-06-08
to
2015-07-09",0.580645161290323
n_folhas,SP,14,C,"2015-07-09
to
2015-08-24",1
n_folhas,SP,15,A,"2015-01-12
to
2015-01-22",0
n_folhas,SP,15,A,"2015-01-22
to
2015-03-01",0.0526315789473684
n_folhas,SP,15,A,"2015-03-01
to
2015-04-10",0.25
n_folhas,SP,15,A,"2015-04-10
to
2015-05-12",0.65625
n_folhas,SP,15,A,"2015-05-12
to
2015-06-08",1.11111111111111
n_folhas,SP,15,A,"2015-06-08
to
2015-07-09",0.612903225806452
n_folhas,SP,15,A,"2015-07-09
to
2015-08-24",1.21739130434783
n_folhas,SP,15,B,"2015-01-12
to
2015-01-22",0.4
n_folhas,SP,15,B,"2015-01-22
to
2015-03-01",0
n_folhas,SP,15,B,"2015-03-01
to
2015-04-10",0.25
n_folhas,SP,15,B,"2015-04-10
to
2015-05-12",0.8125
n_folhas,SP,15,B,"2015-05-12
to
2015-06-08",1.25925925925926
n_folhas,SP,15,B,"2015-06-08
to
2015-07-09",0.451612903225806
n_folhas,SP,15,B,"2015-07-09
to
2015-08-24",1
n_folhas,SP,16,A,"2015-01-12
to
2015-01-22",0.2
n_folhas,SP,16,A,"2015-01-22
to
2015-03-01",0.0526315789473684
n_folhas,SP,16,A,"2015-03-01
to
2015-04-10",0.05
n_folhas,SP,16,A,"2015-04-10
to
2015-05-12",0.03125
n_folhas,SP,16,A,"2015-05-12
to
2015-06-08",0
n_folhas,SP,16,A,"2015-06-08
to
2015-07-09",0.870967741935484
n_folhas,SP,16,A,"2015-07-09
to
2015-08-24",0.956521739130435
n_folhas,SP,16,B,"2015-01-12
to
2015-01-22",0.3
n_folhas,SP,16,B,"2015-01-22
to
2015-03-01",0.0263157894736842
n_folhas,SP,16,B,"2015-03-01
to
2015-04-10",0.35
n_folhas,SP,16,B,"2015-04-10
to
2015-05-12",0.96875
n_folhas,SP,16,B,"2015-05-12
to
2015-06-08",0.222222222222222
n_folhas,SP,16,B,"2015-06-08
to
2015-07-09",1
n_folhas,SP,16,B,"2015-07-09
to
2015-08-24",1.08695652173913
